<C><P D="/x_transformice/x_maps/x_noel2017/x_mapAFK.jpg" /><Z><S><S P="0,0,0.3,0.2,0,0,0,0" L="355" o="fffffffff" X="178" H="14" Y="355" T="12" /><S P="0,0,0.3,0.2,0,0,0,0" L="395" o="fffffffff" X="602" H="10" Y="384" T="12" /><S P="0,0,0.3,0.2,30,0,0,0" L="71" o="fffffffff" X="383" H="10" Y="369" T="12" /><S P="0,0,0.3,0.2,0,0,0,0" L="892" o="ffffffff" X="444" H="10" Y="2" T="12" /><S P="0,0,0.3,0.2,0,0,0,0" L="10" o="fffffffff" X="-5" H="505" Y="217" T="12" /><S P="0,0,0.3,0.2,0,0,0,0" L="10" o="fffffffff" X="805" H="504" Y="222" T="12" /><S P="0,0,0.3,0.2,0,0,0,0" L="285" o="fffffffff" X="249" H="10" Y="170" T="12" /><S P="0,0,0.3,0.2,0,0,0,0" L="295" o="fffffffff" X="594" H="10" Y="168" T="12" /><S P="0,0,0.3,0.2,-57,0,0,0" L="174" o="fffffffff" X="405" H="10" Y="239" T="12" /></S><D /><O /></Z></C>