<C><P Ca="" DS="m;578,342,146,249,1183,195" mc="" D="x_transformice/x_evt/x_evt_07/olrnfldl/fond.jpg" L="1199" /><Z><S><S m="" P="0,0,0.3,0.2,0,0,0,0" L="300" o="4d3250" H="37" X="150" Y="394" T="12" /><S H="10" P="1,0,0.3,0.2,0,0,0,0" Y="169" L="50" o="ffffff" X="584" c="4" i="-155,-155,x_transformice/x_evt/x_evt_07/olrnfldl/grande roue.png" T="13" /><S m="" P="0,0,,,,0,0,0" L="210" H="60" X="404" Y="406" T="9" /><S m="" P="0,0,0.3,0.2,0,0,0,0" L="800" o="4d3250" H="37" X="911" Y="386" T="12" /><S m="" P="0,0,2,0.2,0,0,0,0" L="61" o="324650" X="143" H="10" Y="325" T="13" /><S m="" P="0,0,2,0.2,-30,0,0,0" L="300" o="4d3250" H="37" X="-4" Y="386" T="12" /><S m="" P="0,0,2,0.2,40,0,0,0" L="300" o="4d3250" X="277" H="37" Y="383" T="12" /><S m="" P="0,0,0.3,0.2,0,0,0,0" L="61" o="324650" X="658" H="10" Y="518" T="13" /><S m="" P="0,0,2,0.2,0,0,0,0" L="61" o="324650" H="10" X="792" Y="375" T="13" /><S m="" P="0,0,2,0.2,0,0,0,0" L="61" o="324650" H="10" X="1047" Y="340" T="13" /><S m="" P="0,0,2,0.2,0,0,0,0" L="61" o="324650" X="1187" H="10" Y="271" T="13" /><S m="" P="0,0,2,0.2,-35,0,0,0" L="300" o="4d3250" X="899" H="37" Y="393" T="12" /><S m="" P="0,0,2,0.2,-20,0,0,0" L="300" o="4d3250" X="1178" H="37" Y="246" T="12" /><S m="" P="0,0,2,0.2,0,0,0,0" L="30" o="324650" X="121" H="10" Y="109" T="13" /><S m="" P="0,0,2,0.2,0,0,0,0" L="30" o="324650" H="10" X="170" Y="110" T="13" /><S m="" P="0,0,0.3,0.2,-60,0,0,0" L="20" o="4d3250" X="128" H="37" Y="137" T="12" /><S m="" P="0,0,0.3,0.2,50,0,0,0" L="20" o="4d3250" X="155" H="37" Y="145" T="12" /><S m="" P="0,0,0.3,0.2,60,0,0,0" L="20" o="4d3250" H="37" X="169" Y="134" T="12" /><S m="" P="0,0,2,0.2,10,0,0,0" L="180" o="4d3250" H="15" X="926" Y="226" T="12" /><S m="" P="0,0,2,0.2,50,0,0,0" L="160" o="4d3250" H="15" X="889" Y="166" T="12" /><S m="" P="0,0,2,0.2,30,0,0,0" L="180" o="4d3250" X="919" H="15" Y="124" T="12" /><S m="" P="0,0,2,0.2,40,0,0,0" L="100" o="4d3250" X="922" H="15" Y="114" T="12" /><S m="" P="0,0,2,0.2,-30,0,0,0" L="200" o="4d3250" H="15" X="1135" Y="159" T="12" /><S m="" P="0,0,2,0.2,-25,0,0,0" L="80" o="4d3250" H="15" X="1036" Y="94" T="12" /><S m="" P="0,0,2,0.2,-5,0,0,0" L="80" o="4d3250" X="1109" H="15" Y="75" T="12" /><S m="" P="0,0,2,0.2,15,0,0,0" L="80" o="4d3250" X="1186" H="15" Y="83" T="12" /><S m="" P="0,0,0.3,0.2,-50,0,0,0" L="200" o="4d3250" H="15" X="919" Y="52" T="12" /><S m="" P="0,0,0.3,0.2,-30,0,0,0" L="200" o="4d3250" H="15" X="952" Y="23" T="12" /><S m="" P="0,0,0.3,0.2,10,0,0,0" L="200" o="4d3250" X="1067" H="15" Y="2" T="12" /><S m="" P="0,0,0.3,0.2,30,0,0,0" L="200" o="4d3250" X="1174" H="15" Y="29" T="12" /><S m="" P="0,0,0.3,0.2,90,0,0,0" L="200" o="4d3250" H="15" X="1207" Y="119" T="12" /><S m="" P="0,0,0.3,0.2,90,0,0,0" L="200" o="4d3250" H="15" X="841" Y="109" T="12" /><S m="" P="0,0,2,0.2,0,0,0,0" L="13" o="324650" H="10" X="120" Y="217" T="13" /><S m="" P="0,0,2,0.2,0,0,0,0" L="10" o="324650" X="45" H="10" Y="168" T="13" /><S m="" P="1,0,10,0.2,0,0,0,0" c="4" L="55" o="4d3250" X="449" H="30" Y="250" T="12" /><S m="" P="0,0,2,0.2,0,0,0,0" L="10" o="324650" X="240" H="10" Y="139" T="13" /><S H="18" P="1,0,0.3,0.2,20,0,0,0" Y="235" L="10" o="324650" X="429" c="4" i="4,0,x_transformice/x_evt/x_evt_07/olrnfldl/corde.png" T="12" /><S H="10" P="1,0,0.3,0.2,0,0,0,0" i="-7,-18,x_transformice/x_evt/x_evt_07/olrnfldl/nacelle.png" L="55" o="cccd45" X="449" c="3" N="" Y="257" T="12" /><S X="435" P="1,0,0.3,0.2,30,0,0,0" Y="223" L="10" o="324650" H="18" c="4" i="4,0,x_transformice/x_evt/x_evt_07/olrnfldl/corde.png" T="12" /><S X="443" P="1,0,0.3,0.2,40,0,0,0" Y="212" L="10" o="324650" H="18" c="4" i="4,0,x_transformice/x_evt/x_evt_07/olrnfldl/corde.png" T="12" /><S H="18" P="1,0,0.3,0.2,-30,0,0,0" Y="235" L="10" o="324650" X="468" c="4" i="4,0,x_transformice/x_evt/x_evt_07/olrnfldl/corde.png" T="12" /><S X="461" P="1,0,0.3,0.2,-30,0,0,0" Y="223" L="10" o="324650" H="18" c="4" i="4,0,x_transformice/x_evt/x_evt_07/olrnfldl/corde.png" T="12" /><S X="453" P="1,0,0.3,0.2,-40,0,0,0" Y="212" L="10" o="324650" H="18" c="4" i="4,0,x_transformice/x_evt/x_evt_07/olrnfldl/corde.png" T="12" /><S m="" P="1,0,0.3,0.2,-15,0,0,0" c="4" L="300" o="4d3250" H="10" X="587" Y="170" T="12" /><S m="" P="1,0,0.3,0.2,75,0,0,0" c="4" L="300" o="4d3250" H="10" X="587" Y="170" T="12" /><S m="" P="1,0,0.3,0.2,125,0,0,0" c="4" L="300" o="4d3250" X="585" H="10" Y="170" T="12" /><S m="" P="1,0,0.3,0.2,25,0,0,0" c="4" L="300" o="4d3250" X="586" H="10" Y="171" T="12" /><S X="513" P="1,0,0.3,0.2,-30,0,0,0" Y="306" L="10" o="324650" H="18" c="4" i="4,0,x_transformice/x_evt/x_evt_07/olrnfldl/corde.png" T="12" /><S X="521" P="1,0,0.3,0.2,-30,0,0,0" Y="318" L="10" o="324650" H="18" c="4" i="4,0,x_transformice/x_evt/x_evt_07/olrnfldl/corde.png" T="12" /><S X="505" P="1,0,0.3,0.2,-30,0,0,0" Y="294" L="10" o="324650" H="18" c="4" i="4,0,x_transformice/x_evt/x_evt_07/olrnfldl/corde.png" T="12" /><S X="499" P="1,0,0.3,0.2,30,0,0,0" Y="294" L="10" o="324650" H="18" c="4" i="4,0,x_transformice/x_evt/x_evt_07/olrnfldl/corde.png" T="12" /><S X="492" P="1,0,0.3,0.2,30,0,0,0" Y="306" L="10" o="324650" H="18" c="4" i="4,0,x_transformice/x_evt/x_evt_07/olrnfldl/corde.png" T="12" /><S X="486" P="1,0,0.3,0.2,30,0,0,0" Y="318" L="10" o="324650" H="18" c="4" i="4,0,x_transformice/x_evt/x_evt_07/olrnfldl/corde.png" T="12" /><S m="" P="1,0,10,0.2,0,0,0,0" c="4" L="55" o="4d3250" H="30" X="503" Y="334" T="12" /><S H="10" P="1,0,0.3,0.2,0,0,0,0" Y="342" L="55" o="cccd45" X="503" c="3" N="" i="-7,-18,x_transformice/x_evt/x_evt_07/olrnfldl/nacelle.png" T="12" /><S X="618" P="1,0,0.3,0.2,30,0,0,0" Y="306" L="10" o="324650" H="18" c="4" i="4,0,x_transformice/x_evt/x_evt_07/olrnfldl/corde.png" T="12" /><S X="613" P="1,0,0.3,0.2,30,0,0,0" Y="316" L="10" o="324650" H="18" c="4" i="4,0,x_transformice/x_evt/x_evt_07/olrnfldl/corde.png" T="12" /><S X="607" P="1,0,0.3,0.2,20,0,0,0" Y="328" L="10" o="324650" H="18" c="4" i="4,0,x_transformice/x_evt/x_evt_07/olrnfldl/corde.png" T="12" /><S X="627" P="1,0,0.3,0.2,-50,0,0,0" Y="305" L="10" o="324650" H="18" c="4" i="4,0,x_transformice/x_evt/x_evt_07/olrnfldl/corde.png" T="12" /><S X="636" P="1,0,0.3,0.2,-30,0,0,0" Y="316" L="10" o="324650" H="18" c="4" i="4,0,x_transformice/x_evt/x_evt_07/olrnfldl/corde.png" T="12" /><S X="642" P="1,0,0.3,0.2,-30,0,0,0" Y="329" L="10" o="324650" H="18" c="4" i="4,0,x_transformice/x_evt/x_evt_07/olrnfldl/corde.png" T="12" /><S m="" P="1,0,10,0.2,0,0,0,0" c="4" L="55" o="4d3250" X="625" H="30" Y="347" T="12" /><S H="10" P="1,0,0.3,0.2,0,0,0,0" i="-7,-18,x_transformice/x_evt/x_evt_07/olrnfldl/nacelle.png" L="55" o="cccd45" X="625" c="3" N="" Y="353" T="12" /><S X="720" P="1,0,0.3,0.2,-40,0,0,0" Y="238" L="10" o="324650" H="18" c="4" i="4,0,x_transformice/x_evt/x_evt_07/olrnfldl/corde.png" T="12" /><S X="729" P="1,0,0.3,0.2,-40,0,0,0" Y="250" L="10" o="324650" H="18" c="4" i="4,0,x_transformice/x_evt/x_evt_07/olrnfldl/corde.png" T="12" /><S X="739" P="1,0,0.3,0.2,-40,0,0,0" Y="262" L="10" o="324650" H="18" c="4" i="4,0,x_transformice/x_evt/x_evt_07/olrnfldl/corde.png" T="12" /><S X="714" P="1,0,0.3,0.2,210,0,0,0" Y="239" L="10" o="324650" H="18" c="4" i="4,0,x_transformice/x_evt/x_evt_07/olrnfldl/corde.png" T="12" /><S X="707" P="1,0,0.3,0.2,30,0,0,0" Y="252" L="10" o="324650" H="18" c="4" i="4,0,x_transformice/x_evt/x_evt_07/olrnfldl/corde.png" T="12" /><S X="702" P="1,0,0.3,0.2,20,0,0,0" Y="263" L="10" o="324650" H="18" c="4" i="4,0,x_transformice/x_evt/x_evt_07/olrnfldl/corde.png" T="12" /><S m="" P="1,0,10,0.2,0,0,0,0" c="4" L="55" o="4d3250" X="721" H="30" Y="280" T="12" /><S H="10" P="1,0,0.3,0.2,0,0,0,0" Y="288" L="55" o="cccd45" X="721" c="3" N="" i="-7,-18,x_transformice/x_evt/x_evt_07/olrnfldl/nacelle.png" T="12" /><S X="723" P="1,0,0.3,0.2,30,0,0,0" Y="137" L="10" o="324650" H="18" c="4" i="4,0,x_transformice/x_evt/x_evt_07/olrnfldl/corde.png" T="12" /><S X="717" P="1,0,0.3,0.2,30,0,0,0" Y="149" L="10" o="324650" H="18" c="4" i="4,0,x_transformice/x_evt/x_evt_07/olrnfldl/corde.png" T="12" /><S X="711" P="1,0,0.3,0.2,30,0,0,0" Y="160" L="10" o="324650" H="18" c="4" i="4,0,x_transformice/x_evt/x_evt_07/olrnfldl/corde.png" T="12" /><S X="729" P="1,0,0.3,0.2,-30,0,0,0" Y="139" L="10" o="324650" H="18" c="4" i="4,0,x_transformice/x_evt/x_evt_07/olrnfldl/corde.png" T="12" /><S X="736" P="1,0,0.3,0.2,-30,0,0,0" Y="150" L="10" o="324650" H="18" c="4" i="4,0,x_transformice/x_evt/x_evt_07/olrnfldl/corde.png" T="12" /><S X="743" P="1,0,0.3,0.2,-30,0,0,0" Y="161" L="10" o="324650" H="18" c="4" i="4,0,x_transformice/x_evt/x_evt_07/olrnfldl/corde.png" T="12" /><S m="" P="1,0,10,0.2,0,0,0,0" c="4" L="55" o="4d3250" H="30" X="727" Y="179" T="12" /><S H="10" P="1,0,0.3,0.2,0,0,0,0" i="-7,-18,x_transformice/x_evt/x_evt_07/olrnfldl/nacelle.png" L="55" o="cccd45" X="727" c="3" N="" Y="186" T="12" /><S X="670" P="1,0,0.3,0.2,10,0,0,0" Y="57" L="10" o="324650" H="18" c="4" i="4,0,x_transformice/x_evt/x_evt_07/olrnfldl/corde.png" T="12" /><S X="667" P="1,0,0.3,0.2,20,0,0,0" Y="71" L="10" o="324650" H="18" c="4" i="4,0,x_transformice/x_evt/x_evt_07/olrnfldl/corde.png" T="12" /><S X="661" P="1,0,0.3,0.2,30,0,0,0" Y="83" L="10" o="324650" H="18" c="4" i="4,0,x_transformice/x_evt/x_evt_07/olrnfldl/corde.png" T="12" /><S X="674" P="1,0,0.3,0.2,-60,0,0,0" Y="54" L="10" o="324650" H="18" c="4" i="4,0,x_transformice/x_evt/x_evt_07/olrnfldl/corde.png" T="12" /><S X="688" P="1,0,0.3,0.2,-70,0,0,0" Y="61" L="10" o="324650" H="18" c="4" i="4,0,x_transformice/x_evt/x_evt_07/olrnfldl/corde.png" T="12" /><S X="700" P="1,0,0.3,0.2,-40,0,0,0" Y="70" L="10" o="324650" H="18" c="4" i="4,0,x_transformice/x_evt/x_evt_07/olrnfldl/corde.png" T="12" /><S m="" P="1,0,10,0.2,-20,0,0,0" c="4" L="55" o="4d3250" X="685" H="30" Y="92" T="12" /><S H="10" P="1,0,0.3,0.2,-20,0,0,0" Y="98" L="55" o="cccd45" X="688" c="3" N="" i="-7,-18,x_transformice/x_evt/x_evt_07/olrnfldl/nacelle.png" T="12" /><S X="542" P="1,0,0.3,0.2,80,0,0,0" Y="31" L="10" o="324650" H="18" c="4" i="4,0,x_transformice/x_evt/x_evt_07/olrnfldl/corde.png" T="12" /><S X="547" P="1,0,0.3,0.2,30,0,0,0" Y="36" L="10" o="324650" H="18" c="4" i="4,0,x_transformice/x_evt/x_evt_07/olrnfldl/corde.png" T="12" /><S X="539" P="1,0,0.3,0.2,30,0,0,0" Y="49" L="10" o="324650" H="18" c="4" i="4,0,x_transformice/x_evt/x_evt_07/olrnfldl/corde.png" T="12" /><S X="531" P="1,0,0.3,0.2,30,0,0,0" Y="59" L="10" o="324650" H="18" c="4" i="4,0,x_transformice/x_evt/x_evt_07/olrnfldl/corde.png" T="12" /><S X="529" P="1,0,0.3,0.2,90,0,0,0" Y="31" L="10" o="324650" H="18" c="4" i="4,0,x_transformice/x_evt/x_evt_07/olrnfldl/corde.png" T="12" /><S X="513" P="1,0,0.3,0.2,90,0,0,0" Y="31" L="10" o="324650" H="18" c="4" i="4,0,x_transformice/x_evt/x_evt_07/olrnfldl/corde.png" T="12" /><S H="10" P="1,0,0.3,0.2,0,0,0,0" Y="337" L="60" o="324650" X="361" c="3" N="" i="-20,-50,x_transformice/x_evt/x_evt_07/olrnfldl/bateau.png" T="12" /><S m="" P="1,0,10,0.2,60,0,0,0" c="4" L="55" o="4d3250" H="30" X="507" Y="55" T="12" /><S H="10" P="1,0,0.3,0.2,60,0,0,0" i="-7,-18,x_transformice/x_evt/x_evt_07/olrnfldl/nacelle.png" L="55" o="cccd45" X="501" c="3" N="" Y="59" T="12" /><S X="457" P="1,0,0.3,0.2,-30,0,0,0" Y="117" L="10" o="324650" H="20" c="4" i="4,0,x_transformice/x_evt/x_evt_07/olrnfldl/corde.png" T="12" /><S X="464" P="1,0,0.3,0.2,-30,0,0,0" Y="129" L="10" o="324650" H="20" c="4" i="4,0,x_transformice/x_evt/x_evt_07/olrnfldl/corde.png" T="12" /><S X="471" P="1,0,0.3,0.2,-30,0,0,0" Y="139" L="10" o="324650" H="20" c="4" i="4,0,x_transformice/x_evt/x_evt_07/olrnfldl/corde.png" T="12" /><S X="449" P="1,0,0.3,0.2,30,0,0,0" Y="117" L="10" o="324650" H="20" c="4" i="4,0,x_transformice/x_evt/x_evt_07/olrnfldl/corde.png" T="12" /><S X="441" P="1,0,0.3,0.2,30,0,0,0" Y="129" L="10" o="324650" H="20" c="4" i="4,0,x_transformice/x_evt/x_evt_07/olrnfldl/corde.png" T="12" /><S X="434" P="1,0,0.3,0.2,210,0,0,0" Y="140" L="10" o="324650" H="20" c="4" i="4,0,x_transformice/x_evt/x_evt_07/olrnfldl/corde.png" T="12" /><S m="" P="1,0,10,0.2,0,0,0,0" c="4" L="55" o="4d3250" H="30" X="453" Y="158" T="12" /><S H="10" P="1,0,0.3,0.2,0,0,0,0" Y="168" L="55" o="cccd45" X="453" c="3" N="" i="-7,-18,x_transformice/x_evt/x_evt_07/olrnfldl/nacelle.png" T="12" /><S X="478" P="0,0,0.3,0.2,0,0,0,0" i="0,0,x_transformice/x_evt/x_evt_07/olrnfldl/socle.png" L="25" o="1ba54d" H="51" c="4" N="" Y="189" T="12" /><S H="10" P="0,0,0.3,0.2,0,0,0,0" Y="5" L="10" o="4937eb" X="5" i="0,0,x_transformice/x_evt/x_evt_07/olrnfldl/plateforme.png" T="12" /><S P="0,0,0.3,0.2,0,0,0,0" Y="7" L="10" o="4937eb" H="10" X="4" N="" i="0,0,x_transformice/x_evt/x_evt_07/olrnfldl/cache.png" T="12" /><S H="10" P="0,0,0.3,0.2,0,0,0,0" Y="5" L="10" o="324650" X="0" N="" i="0,0,x_transformice/x_evt/x_evt_07/olrnfldl/premier plan.png" T="12" /><S m="" P="0,0,0.3,0.2,10,0,0,0" c="3" L="65" o="4d3250" X="558" H="30" Y="369" T="12" /><S m="" P="0,0,0.3,0.2,-40,0,0,0" c="3" L="100" o="4d3250" H="30" X="501" Y="391" T="12" /><S m="" P="0,0,0.3,0.2,40,0,0,0" c="3" L="55" o="4d3250" X="603" H="30" Y="389" T="12" /><S m="" P="0,0,0.3,0.2,0,0,0,0" c="1" L="200" o="4d3250" X="411" H="30" Y="424" T="12" /><S m="" P="1,300,0.3,0.2,60,0,0,0" c="2" L="20" o="4d3250" H="10" X="336" Y="343" T="12" /><S m="" P="1,3000,0.3,0.2,130,0,0,0" c="2" L="30" o="4d3250" X="383" H="10" Y="341" T="12" /><S m="" P="1,300,0.3,0.2,180,0,0,0" c="2" L="40" o="4d3250" H="10" X="359" Y="352" T="12" /><S m="" P="1,0,0.3,0.2,80,0,0,0" c="1" L="40" o="4d3250" X="330" H="10" Y="323" T="12" /><S m="" P="1,0,0.3,0.2,100,0,0,0" c="1" L="40" o="4d3250" H="10" X="392" Y="320" T="12" /><S m="" P="0,0,2,0.2,0,0,0,0" L="10" o="324650" H="10" X="311" Y="172" T="13" /><S m="" P="0,0,0.3,0.2,0,0,0,0" L="1200" o="4d3250" X="600" H="37" Y="-15" T="12" /><S m="" P="0,0,0.3,0.2,90,0,0,0" L="1200" o="4d3250" X="-16" H="37" Y="178" T="12" /><S m="" P="0,0,0.3,0.2,90,0,0,0" L="1200" o="4d3250" H="37" X="1218" Y="234" T="12" /></S><D /><O><O X="586" C="12" P="0" Y="171" /><O P="0" C="14" X="431" Y="229" /><O P="0" C="14" X="437" Y="216" /><O P="0" C="14" X="447" Y="209" /><O P="0" C="14" X="457" Y="216" /><O P="0" C="14" X="465" Y="229" /><O P="0" C="14" X="471" Y="240" /><O P="0" C="14" X="426" Y="239" /><O P="0" C="22" X="426" Y="256" /><O P="0" C="22" X="470" Y="255" /><O X="432" C="22" P="0" Y="166" /><O X="473" C="22" P="0" Y="168" /><O X="489" C="22" P="0" Y="40" /><O X="511" C="22" P="0" Y="78" /><O X="669" C="22" P="0" Y="105" /><O X="709" C="22" P="0" Y="90" /><O X="707" C="22" P="0" Y="186" /><O X="747" C="22" P="0" Y="186" /><O X="700" C="22" P="0" Y="288" /><O X="741" C="22" P="0" Y="288" /><O X="604" C="22" P="0" Y="354" /><O X="647" C="22" P="0" Y="354" /><O X="483" C="22" P="0" Y="341" /><O X="525" C="22" P="0" Y="341" /><O X="481" C="14" P="0" Y="323" /><O X="524" C="14" P="0" Y="323" /><O X="518" C="14" P="0" Y="312" /><O X="490" C="14" P="0" Y="310" /><O X="495" C="14" P="0" Y="300" /><O X="503" C="14" P="0" Y="288" /><O X="511" C="14" P="0" Y="300" /><O X="604" C="14" P="0" Y="334" /><O X="645" C="14" P="0" Y="336" /><O X="609" C="14" P="0" Y="321" /><O X="638" C="14" P="0" Y="322" /><O X="616" C="14" P="0" Y="310" /><O X="633" C="14" P="0" Y="309" /><O X="622" C="14" P="0" Y="301" /><O X="699" C="14" P="0" Y="269" /><O X="743" C="14" P="0" Y="268" /><O X="735" C="14" P="0" Y="256" /><O X="704" C="14" P="0" Y="257" /><O X="711" C="14" P="0" Y="244" /><O X="725" C="14" P="0" Y="244" /><O X="717" C="14" P="0" Y="232" /><O X="727" C="14" P="0" Y="131" /><O X="718" C="14" P="0" Y="144" /><O X="733" C="14" P="0" Y="143" /><O X="740" C="14" P="0" Y="155" /><O X="712" C="14" P="0" Y="155" /><O X="706" C="14" P="0" Y="167" /><O X="747" C="14" P="0" Y="167" /><O X="660" C="14" P="0" Y="89" /><O X="666" C="14" P="0" Y="77" /><O X="669" C="14" P="0" Y="65" /><O X="668" C="14" P="0" Y="51" /><O X="680" C="14" P="0" Y="58" /><O X="694" C="14" P="0" Y="64" /><O X="704" C="14" P="0" Y="72" /><O X="507" C="14" P="0" Y="31" /><O X="521" C="14" P="0" Y="31" /><O X="536" C="14" P="0" Y="31" /><O X="549" C="14" P="0" Y="29" /><O X="543" C="14" P="0" Y="43" /><O X="535" C="14" P="0" Y="53" /><O X="527" C="14" P="0" Y="66" /><O X="453" C="14" P="0" Y="110" /><O P="0" C="14" X="445" Y="121" /><O P="0" C="14" X="458" Y="122" /><O P="0" C="14" X="466" Y="133" /><O P="0" C="14" X="438" Y="132" /><O P="0" C="14" X="429" Y="146" /><O P="0" C="14" X="475" Y="145" /><O X="341" C="22" P="0" Y="351" /><O X="379" C="22" P="0" Y="352" /><O X="389" C="22" P="0" Y="334" /><O X="331" C="22" P="0" Y="336" /></O></Z></C>