<C><P Ca="" d="x_transformice/x_maps/x_peche2014/x_montagne2.png" D="x_transformice/x_maps/x_peche2014/x_montagne.jpg" /><Z><S><S H="400" Y="200" L="10" m="" X="-5" /><S P=",,0.3,0.2,20" L="100" X="46" Y="66" m="" H="10" /><S P=",,0.5,0.2,40" L="80" X="121" Y="107" m="" H="10" /><S P=",,0.5,0.2,60" L="80" X="169" Y="165" m="" H="10" /><S P=",,0.5,0.2" L="80" X="216" Y="207" m="" H="10" /><S P=",,0.5,0.2,60" L="80" X="270" Y="241" m="" H="10" /><S P=",,0.5,0.2,-40" L="100" X="468" Y="249" m="" H="10" /><S P=",,0.5,0.2,-10" L="100" X="559" Y="168" m="" H="10" /><S P=",,0.5,0.2,-70" L="100" X="500" Y="219" m="" H="10" /><S P=",,0.5,0.2,-50" L="100" X="627" Y="118" m="" H="10" /><S P=",,0.5,0.2,-90" L="50" X="708" Y="90" m="" H="10" /><S P=",,0.5,0.2" L="50" X="728" Y="65" m="" H="10" /><S P=",,0.5,0.2,-60" L="50" X="754" Y="42" m="" H="10" /><S H="400" Y="200" L="10" m="" X="806" /><S P=",,0.5,0.2,-10" L="100" X="461" Y="353" m="" H="10" /><S P=",,0.5,0.2" L="100" X="379" Y="361" m="" H="10" /><S P=",,0.5,0.2,10" L="100" X="304" Y="358" m="" H="10" /><S P=",,0.5,0.2" L="100" X="212" Y="349" m="" H="10" /><S P=",,0.5,0.2,90" L="100" X="22" Y="315" m="" H="10" /><S P=",,0.5,0.2" L="50" X="689" Y="93" m="" H="10" /><S P=",,0.5,0.2,-90" L="50" X="660" Y="92" m="" H="10" /><S P=",,0.5,0.2,10" L="100" X="58" Y="374" m="" H="10" /><S P=",,0.5,0.2,-20" L="100" X="123" Y="365" m="" H="10" /><S P=",,0.5,0.2" L="100" X="550" Y="346" m="" H="10" /><S P=",,0.5,0.2,20" L="100" X="638" Y="362" m="" H="10" /><S P=",,0.5,0.2" L="100" X="691" Y="363" m="" H="10" /><S P=",,0.5,0.2,-80" L="100" X="769" Y="317" m="" H="10" /><S P=",,0.5,0.2" L="70" X="371" Y="319" m="" H="10" /></S><D><DS Y="148" X="558" /><T Y="254" X="746" /><F Y="115" X="195" /></D><O /></Z></C>