<C><P D="x_evenements/x_fondNowel2013.jpg" /><Z><S><S Y="397" T="12" P="0,0,0.3,0.2,0,0,0,0" L="800" o="12bd94" m="" X="400" H="25" /><S Y="361" T="12" P="0,0,0.3,0.2,0,0,0,0" L="125" o="12bd94" m="" X="254" H="25" /><S Y="361" T="12" P="0,0,0.3,0.2,0,0,0,0" L="300" o="12bd94" m="" X="136" H="60" /><S Y="201" T="12" P="0,0,0.3,0.2,0,0,0,0" L="20" o="12bd94" m="" X="-10" H="400" /><S Y="201" T="12" P="0,0,0.3,0.2,0,0,0,0" L="20" o="12bd94" m="" X="811" H="400" /><S Y="372" T="12" P="0,0,0.3,0.2,0,0,0,0" L="125" o="12bd94" m="" X="284" H="25" /><S Y="385" T="12" P="0,0,0.3,0.2,0,0,0,0" L="125" o="12bd94" m="" X="312" H="25" /><S Y="316" T="12" P="0,0,0.3,0.2,0,0,0,0" L="140" o="12bd94" m="" X="495" H="10" /><S Y="210" T="12" P="0,0,0.3,0.2,-70,0,0,0" L="160" o="12bd94" m="" X="233" H="10" /><S Y="212" T="12" P="0,0,0.3,0.2,-70,0,0,0" L="160" o="12bd94" m="" X="249" H="10" /><S Y="187" T="12" P="0,0,0.3,0.2,0,0,0,0" L="170" o="12bd94" m="" X="80" H="10" /><S Y="135" T="12" P="0,0,0.3,0.2,0,0,0,0" L="560" o="12bd94" m="" X="536" H="10" /><S Y="108" T="12" P="0,0,0.3,0.2,0,0,0,0" L="40" o="12bd94" m="" X="422" H="40" /><S Y="120" T="12" P="0,0,0.3,0.2,0,0,0,0" L="20" o="12bd94" m="" X="365" H="40" /><S Y="115" T="12" P="0,0,0.3,0.2,0,0,0,0" L="10" o="12bd94" m="" X="656" H="40" /><S Y="107" T="12" P="0,0,0.3,0.2,0,0,0,0" L="10" o="12bd94" m="" X="752" H="50" /><S Y="119" T="12" P="0,0,0.3,0.8,0,0,0,0" L="90" o="12bd94" m="" X="705" H="40" /><S Y="-9" T="12" P="0,0,0.3,0.2,90,0,0,0" L="20" o="12bd94" m="" X="404" H="900" /></S><D><T Y="329" X="91" /><DS Y="317" X="89" /></D><O /></Z></C>