<C><P D="x_transformice/x_evt/x_evt_15/ngzldsop/map-paques-fond.jpg" d="x_transformice/x_evt/x_evt_07/olrnfldl/bateau.png,400,318;x_transformice/x_evt/x_evt_15/ngzldsop/map-paques-ap.png;x_transformice/x_evt/x_evt_04/cwlb1bml/nuage_plateforme.png,276,141" /><Z><S><S X="402" L="800" Y="394" H="21" P="0,0,0.3,0.2,0,0,0,0" T="6" /><S X="450" L="46" Y="377" H="14" P="0,0,0.3,0.2,0,0,0,0" T="0" /><S X="355" L="106" Y="182" H="40" P="0,0,0.3,0.2,0,0,0,0" T="0" /><S X="229" L="102" Y="385" H="10" P="0,0,0,1.2,0,0,0,0" T="2" /></S><D /><O /></Z></C>