{"shopItems": [{"category": 22, "id": 151, "cheese": 5000, "fraise": 400, "new": true, "customs": 0, "collector": true}, {"category": 22, "id": 150, "cheese": 5000, "fraise": 400, "new": false, "customs": 0, "collector": true}, {"category": 22, "id": 149, "cheese": 5000, "fraise": 400, "new": false, "customs": 0, "collector": true}, {"category": 22, "id": 148, "cheese": 5000, "fraise": 400, "new": false, "customs": 0, "collector": true}, {"category": 22, "id": 147, "cheese": 5000, "fraise": 400, "new": false, "customs": 0, "collector": true}, {"category": 22, "id": 146, "cheese": 5000, "fraise": 400, "new": false, "customs": 0, "collector": true}, {"category": 22, "id": 145, "cheese": 5000, "fraise": 400, "new": false, "customs": 0, "collector": true}, {"category": 22, "id": 144, "cheese": 5000, "fraise": 400, "new": false, "customs": 0, "collector": true}, {"category": 22, "id": 143, "cheese": 5000, "fraise": 400, "new": false, "customs": 0, "collector": true}, {"category": 22, "id": 142, "cheese": 5000, "fraise": 400, "new": false, "customs": 0, "collector": true}, {"category": 22, "id": 141, "cheese": 5000, "fraise": 400, "new": false, "customs": 0, "collector": true}, {"category": 22, "id": 140, "cheese": 5000, "fraise": 400, "new": false, "customs": 0, "collector": true}, {"category": 22, "id": 139, "cheese": 5000, "fraise": 400, "new": false, "customs": 0, "collector": true}, {"category": 22, "id": 138, "cheese": 5000, "fraise": 400, "new": false, "customs": 0, "collector": true}, {"category": 22, "id": 137, "cheese": 5000, "fraise": 400, "new": false, "customs": 0, "collector": true}, {"category": 22, "id": 136, "cheese": 5000, "fraise": 400, "new": false, "customs": 0, "collector": true}, {"category": 22, "id": 135, "cheese": 5000, "fraise": 400, "new": false, "customs": 0, "collector": true}, {"category": 22, "id": 134, "cheese": 5000, "fraise": 400, "new": false, "customs": 0, "collector": true}, {"category": 22, "id": 133, "cheese": 5000, "fraise": 400, "new": false, "customs": 0, "collector": true}, {"category": 22, "id": 132, "cheese": 5000, "fraise": 400, "new": false, "customs": 0, "collector": true}, {"category": 22, "id": 131, "cheese": 5000, "fraise": 400, "new": false, "customs": 0, "collector": true}, {"category": 22, "id": 130, "cheese": 5000, "fraise": 400, "new": false, "customs": 0, "collector": true}, {"category": 22, "id": 129, "cheese": 5000, "fraise": 400, "new": false, "customs": 0, "collector": true}, {"category": 22, "id": 128, "cheese": 5000, "fraise": 400, "new": false, "customs": 0, "collector": true}, {"category": 22, "id": 127, "cheese": 5000, "fraise": 400, "new": false, "customs": 0, "collector": true}, {"category": 22, "id": 126, "cheese": 5000, "fraise": 400, "new": false, "customs": 0, "collector": true}, {"category": 22, "id": 125, "cheese": 5000, "fraise": 400, "new": false, "customs": 0, "collector": true}, {"category": 22, "id": 124, "cheese": 5000, "fraise": 400, "new": false, "customs": 0, "collector": true}, {"category": 22, "id": 123, "cheese": 5000, "fraise": 400, "new": false, "customs": 0, "collector": true}, {"category": 22, "id": 122, "cheese": 5000, "fraise": 400, "new": false, "customs": 0, "collector": true}, {"category": 22, "id": 121, "cheese": 5000, "fraise": 400, "new": false, "customs": 0, "collector": true}, {"category": 22, "id": 120, "cheese": 5000, "fraise": 400, "new": false, "customs": 0, "collector": true}, {"category": 22, "id": 119, "cheese": 5000, "fraise": 400, "new": false, "customs": 0, "collector": true}, {"category": 22, "id": 117, "cheese": 5000, "fraise": 400, "new": false, "customs": 0, "collector": true}, {"category": 22, "id": 116, "cheese": 5500, "fraise": 450, "new": false, "customs": 0, "collector": true}, {"category": 22, "id": 115, "cheese": 5000, "fraise": 400, "new": false, "customs": 0, "collector": true}, {"category": 22, "id": 114, "cheese": 5000, "fraise": 400, "new": false, "customs": 0, "collector": true}, {"category": 22, "id": 113, "cheese": 5500, "fraise": 450, "new": false, "customs": 0, "collector": true}, {"category": 22, "id": 112, "cheese": 5000, "fraise": 400, "new": false, "customs": 0, "collector": true}, {"category": 22, "id": 111, "cheese": 5500, "fraise": 400, "new": false, "customs": 0, "collector": true}, {"category": 22, "id": 110, "cheese": 10000, "fraise": 500, "new": false, "customs": 0}, {"category": 22, "id": 109, "cheese": 6000, "fraise": 500, "new": false, "customs": 0, "collector": true}, {"category": 22, "id": 108, "cheese": 6000, "fraise": 500, "new": false, "customs": 0, "collector": true}, {"category": 22, "id": 107, "cheese": 6000, "fraise": 500, "new": false, "customs": 0, "collector": true}, {"category": 22, "id": 106, "cheese": 5500, "fraise": 400, "new": false, "customs": 0, "collector": true}, {"category": 22, "id": 105, "cheese": 5500, "fraise": 400, "new": false, "customs": 0, "collector": true}, {"category": 22, "id": 104, "cheese": 5500, "fraise": 400, "new": false, "customs": 0, "collector": true}, {"category": 22, "id": 103, "cheese": 5500, "fraise": 400, "new": false, "customs": 0, "collector": true}, {"category": 22, "id": 102, "cheese": 5500, "fraise": 400, "new": false, "customs": 0, "collector": true}, {"category": 22, "id": 101, "cheese": 5500, "fraise": 350, "new": false, "customs": 0, "collector": true}, {"category": 22, "id": 100, "cheese": 5500, "fraise": 400, "new": false, "customs": 0, "collector": true}, {"category": 22, "id": 99, "cheese": 6000, "fraise": 500, "new": false, "customs": 0, "collector": true}, {"category": 22, "id": 98, "cheese": 5500, "fraise": 400, "new": false, "customs": 0, "collector": true}, {"category": 22, "id": 97, "cheese": 5500, "fraise": 400, "new": false, "customs": 0, "collector": true}, {"category": 22, "id": 96, "cheese": 5500, "fraise": 400, "new": false, "customs": 0, "collector": true}, {"category": 22, "id": 95, "cheese": 6000, "fraise": 500, "new": false, "customs": 0, "collector": true}, {"category": 22, "id": 94, "cheese": 5500, "fraise": 400, "new": false, "customs": 0, "collector": true}, {"category": 22, "id": 93, "cheese": 5500, "fraise": 400, "new": false, "customs": 0, "collector": true}, {"category": 22, "id": 92, "cheese": 6000, "fraise": 500, "new": false, "customs": 0}, {"category": 22, "id": 91, "cheese": 5500, "fraise": 400, "new": false, "customs": 0}, {"category": 22, "id": 90, "cheese": 5500, "fraise": 400, "new": false, "customs": 0}, {"category": 22, "id": 89, "cheese": 5500, "fraise": 400, "new": false, "customs": 0}, {"category": 22, "id": 88, "cheese": 6000, "fraise": 400, "new": false, "customs": 0}, {"category": 22, "id": 87, "cheese": 5500, "fraise": 350, "new": false, "customs": 0}, {"category": 22, "id": 86, "cheese": 5500, "fraise": 400, "new": false, "customs": 0}, {"category": 22, "id": 85, "cheese": 5500, "fraise": 400, "new": false, "customs": 0}, {"category": 22, "id": 84, "cheese": 6000, "fraise": 400, "new": false, "customs": 0}, {"category": 22, "id": 83, "cheese": 5500, "fraise": 350, "new": false, "customs": 0}, {"category": 22, "id": 82, "cheese": 6000, "fraise": 450, "new": false, "customs": 0}, {"category": 22, "id": 81, "cheese": 7000, "fraise": 500, "new": false, "customs": 0}, {"category": 22, "id": 80, "cheese": 6000, "fraise": 400, "new": false, "customs": 0}, {"category": 22, "id": 79, "cheese": 5500, "fraise": 350, "new": false, "customs": 0}, {"category": 22, "id": 78, "cheese": 8000, "fraise": 450, "new": false, "customs": 0}, {"category": 22, "id": 77, "cheese": 6000, "fraise": 450, "new": false, "customs": 0}, {"category": 22, "id": 76, "cheese": 6000, "fraise": 400, "new": false, "customs": 0}, {"category": 22, "id": 74, "cheese": 6000, "fraise": 350, "new": false, "customs": 0}, {"category": 22, "id": 73, "cheese": 7500, "fraise": 430, "new": false, "customs": 0}, {"category": 22, "id": 72, "cheese": 7000, "fraise": 400, "new": false, "customs": 0}, {"category": 22, "id": 71, "cheese": 6000, "fraise": 350, "new": false, "customs": 0}, {"category": 22, "id": 70, "cheese": 6000, "fraise": 350, "new": false, "customs": 0}, {"category": 22, "id": 69, "cheese": 15000, "fraise": 0, "new": false, "customs": 0}, {"category": 22, "id": 68, "cheese": 10000, "fraise": 0, "new": false, "customs": 0}, {"category": 22, "id": 67, "cheese": 5000, "fraise": 0, "new": false, "customs": 0}, {"category": 22, "id": 65, "cheese": 5000, "fraise": 300, "new": false, "customs": 0}, {"category": 22, "id": 64, "cheese": 6000, "fraise": 350, "new": false, "customs": 0}, {"category": 22, "id": 63, "cheese": 6000, "fraise": 380, "new": false, "customs": 0}, {"category": 22, "id": 62, "cheese": 6500, "fraise": 350, "new": false, "customs": 0}, {"category": 22, "id": 61, "cheese": 8500, "fraise": 550, "new": false, "customs": 0}, {"category": 22, "id": 60, "cheese": 6500, "fraise": 350, "new": false, "customs": 0}, {"category": 22, "id": 59, "cheese": 7000, "fraise": 400, "new": false, "customs": 0}, {"category": 22, "id": 58, "cheese": 7000, "fraise": 400, "new": false, "customs": 0, "collector": true}, {"category": 22, "id": 57, "cheese": 5500, "fraise": 350, "new": false, "customs": 0}, {"category": 22, "id": 56, "cheese": 7000, "fraise": 400, "new": false, "customs": 0}, {"category": 22, "id": 55, "cheese": 6500, "fraise": 400, "new": false, "customs": 0}, {"category": 22, "id": 54, "cheese": 7000, "fraise": 350, "new": false, "customs": 0}, {"category": 22, "id": 53, "cheese": 6000, "fraise": 400, "new": false, "customs": 0}, {"category": 22, "id": 52, "cheese": 8000, "fraise": 500, "new": false, "customs": 0}, {"category": 22, "id": 50, "cheese": 7000, "fraise": 450, "new": false, "customs": 0}, {"category": 22, "id": 49, "cheese": 6000, "fraise": 400, "new": false, "customs": 0}, {"category": 22, "id": 48, "cheese": 8000, "fraise": 500, "new": false, "customs": 0}, {"category": 22, "id": 47, "cheese": 7000, "fraise": 375, "new": false, "customs": 0}, {"category": 22, "id": 46, "cheese": 7500, "fraise": 450, "new": false, "customs": 0}, {"category": 22, "id": 44, "cheese": 6500, "fraise": 400, "new": false, "customs": 0}, {"category": 22, "id": 43, "cheese": 7000, "fraise": 400, "new": false, "customs": 0}, {"category": 22, "id": 41, "cheese": 6000, "fraise": 350, "new": false, "customs": 0}, {"category": 22, "id": 39, "cheese": 7000, "fraise": 400, "new": false, "customs": 0}, {"category": 22, "id": 38, "cheese": 6000, "fraise": 350, "new": false, "customs": 0}, {"category": 22, "id": 36, "cheese": 7000, "fraise": 400, "new": false, "customs": 0}, {"category": 22, "id": 34, "cheese": 6000, "fraise": 350, "new": false, "customs": 0}, {"category": 22, "id": 32, "cheese": 7000, "fraise": 400, "new": false, "customs": 0}, {"category": 22, "id": 31, "cheese": 6000, "fraise": 350, "new": false, "customs": 0}, {"category": 22, "id": 30, "cheese": 7000, "fraise": 400, "new": false, "customs": 0}, {"category": 22, "id": 29, "cheese": 7000, "fraise": 400, "new": false, "customs": 0}, {"category": 22, "id": 28, "cheese": 8000, "fraise": 450, "new": false, "customs": 0}, {"category": 22, "id": 27, "cheese": 6000, "fraise": 350, "new": false, "customs": 0}, {"category": 22, "id": 26, "cheese": 7000, "fraise": 400, "new": false, "customs": 0}, {"category": 22, "id": 25, "cheese": 5000, "fraise": 360, "new": false, "customs": 0}, {"category": 22, "id": 24, "cheese": 7000, "fraise": 500, "new": false, "customs": 0}, {"category": 22, "id": 23, "cheese": 7000, "fraise": 500, "new": false, "customs": 0}, {"category": 22, "id": 22, "cheese": 6000, "fraise": 300, "new": false, "customs": 0}, {"category": 22, "id": 21, "cheese": 6000, "fraise": 300, "new": false, "customs": 0}, {"category": 22, "id": 20, "cheese": 7000, "fraise": 400, "new": false, "customs": 0}, {"category": 22, "id": 19, "cheese": 7000, "fraise": 400, "new": false, "customs": 0}, {"category": 22, "id": 18, "cheese": 6000, "fraise": 400, "new": false, "customs": 0}, {"category": 22, "id": 17, "cheese": 6000, "fraise": 300, "new": false, "customs": 0}, {"category": 22, "id": 15, "cheese": 6000, "fraise": 400, "new": false, "customs": 0}, {"category": 22, "id": 14, "cheese": 6000, "fraise": 300, "new": false, "customs": 0}, {"category": 22, "id": 13, "cheese": 6000, "fraise": 300, "new": false, "customs": 0}, {"category": 22, "id": 12, "cheese": 6500, "fraise": 325, "new": false, "customs": 0}, {"category": 22, "id": 11, "cheese": 7000, "fraise": 350, "new": false, "customs": 0}, {"category": 22, "id": 9, "cheese": 7000, "fraise": 400, "new": false, "customs": 0}, {"category": 22, "id": 8, "cheese": 10000, "fraise": 400, "new": false, "customs": 0}, {"category": 22, "id": 7, "cheese": 8000, "fraise": 350, "new": false, "customs": 0}, {"category": 22, "id": 6, "cheese": 6000, "fraise": 300, "new": false, "customs": 0}, {"category": 22, "id": 5, "cheese": 6000, "fraise": 300, "new": false, "customs": 0}, {"category": 22, "id": 4, "cheese": 6000, "fraise": 300, "new": false, "customs": 0}, {"category": 22, "id": 3, "cheese": 6000, "fraise": 300, "new": false, "customs": 0}, {"category": 22, "id": 2, "cheese": 6000, "fraise": 300, "new": false, "customs": 0}, {"category": 21, "id": 6, "cheese": 3000, "fraise": 150, "new": false, "customs": 0}, {"category": 21, "id": 5, "cheese": 3000, "fraise": 150, "new": false, "customs": 0}, {"category": 21, "id": 4, "cheese": 3000, "fraise": 150, "new": false, "customs": 0}, {"category": 21, "id": 3, "cheese": 3000, "fraise": 150, "new": false, "customs": 0}, {"category": 21, "id": 2, "cheese": 3000, "fraise": 150, "new": false, "customs": 0}, {"category": 21, "id": 1, "cheese": 1000, "fraise": 50, "new": false, "customs": 0}, {"category": 21, "id": 0, "cheese": 1000, "fraise": 50, "new": false, "customs": 0}, {"category": 10, "id": 1, "cheese": 1000001, "fraise": 0, "new": false, "customs": 0, "purchasable": false}, {"category": 9, "id": 1, "cheese": 1000001, "fraise": 0, "new": false, "customs": 0, "purchasable": false}, {"category": 8, "id": 22, "cheese": 1100, "fraise": 180, "new": false, "customs": 2, "collector": true}, {"category": 8, "id": 21, "cheese": 1100, "fraise": 180, "new": false, "customs": 2}, {"category": 8, "id": 20, "cheese": 1100, "fraise": 180, "new": false, "customs": 1, "collector": true}, {"category": 8, "id": 19, "cheese": 1400, "fraise": 250, "new": false, "customs": 2, "collector": true}, {"category": 8, "id": 18, "cheese": 1300, "fraise": 230, "new": false, "customs": 2, "collector": true}, {"category": 8, "id": 17, "cheese": 1500, "fraise": 180, "new": false, "customs": 4, "collector": true}, {"category": 8, "id": 16, "cheese": 1400, "fraise": 250, "new": false, "customs": 4, "collector": true}, {"category": 8, "id": 15, "cheese": 1000, "fraise": 200, "new": false, "customs": 5, "collector": true}, {"category": 8, "id": 14, "cheese": 1100, "fraise": 200, "new": false, "customs": 4, "collector": true}, {"category": 8, "id": 13, "cheese": 1000, "fraise": 200, "new": false, "customs": 2, "collector": true}, {"category": 8, "id": 12, "cheese": 1100, "fraise": 200, "new": false, "customs": 4, "collector": true}, {"category": 8, "id": 11, "cheese": 1600, "fraise": 270, "new": false, "customs": 7, "collector": true}, {"category": 8, "id": 10, "cheese": 1400, "fraise": 250, "new": false, "customs": 4, "collector": true}, {"category": 8, "id": 9, "cheese": 1100, "fraise": 200, "new": false, "customs": 2, "collector": true}, {"category": 8, "id": 8, "cheese": 1300, "fraise": 230, "new": false, "customs": 3, "collector": true}, {"category": 8, "id": 7, "cheese": 1400, "fraise": 250, "new": false, "customs": 4, "collector": true}, {"category": 8, "id": 6, "cheese": 1200, "fraise": 200, "new": false, "customs": 2, "collector": true}, {"category": 8, "id": 5, "cheese": 1500, "fraise": 260, "new": false, "customs": 5, "collector": true}, {"category": 8, "id": 4, "cheese": 1400, "fraise": 250, "new": false, "customs": 4, "collector": true}, {"category": 8, "id": 3, "cheese": 1200, "fraise": 200, "new": false, "customs": 2, "collector": true}, {"category": 8, "id": 2, "cheese": 1100, "fraise": 180, "new": false, "customs": 1}, {"category": 8, "id": 1, "cheese": 1200, "fraise": 200, "new": false, "customs": 2}, {"category": 7, "id": 26, "cheese": 180, "fraise": 70, "new": false, "customs": 0}, {"category": 7, "id": 25, "cheese": 180, "fraise": 70, "new": false, "customs": 0}, {"category": 7, "id": 24, "cheese": 180, "fraise": 70, "new": false, "customs": 0}, {"category": 7, "id": 23, "cheese": 180, "fraise": 70, "new": false, "customs": 0}, {"category": 7, "id": 22, "cheese": 180, "fraise": 70, "new": false, "customs": 0}, {"category": 7, "id": 21, "cheese": 200, "fraise": 80, "new": false, "customs": 1, "collector": true}, {"category": 7, "id": 20, "cheese": 180, "fraise": 70, "new": false, "customs": 0}, {"category": 7, "id": 19, "cheese": 180, "fraise": 70, "new": false, "customs": 0}, {"category": 7, "id": 18, "cheese": 180, "fraise": 70, "new": false, "customs": 0}, {"category": 7, "id": 17, "cheese": 180, "fraise": 70, "new": false, "customs": 0}, {"category": 7, "id": 16, "cheese": 250, "fraise": 100, "new": false, "customs": 0}, {"category": 7, "id": 15, "cheese": 250, "fraise": 100, "new": false, "customs": 0}, {"category": 7, "id": 14, "cheese": 200, "fraise": 80, "new": false, "customs": 0}, {"category": 7, "id": 13, "cheese": 160, "fraise": 50, "new": false, "customs": 0}, {"category": 7, "id": 12, "cheese": 120, "fraise": 30, "new": false, "customs": 0}, {"category": 7, "id": 11, "cheese": 170, "fraise": 60, "new": false, "customs": 0}, {"category": 7, "id": 10, "cheese": 200, "fraise": 80, "new": false, "customs": 0}, {"category": 7, "id": 9, "cheese": 300, "fraise": 120, "new": false, "customs": 3, "collector": true}, {"category": 7, "id": 8, "cheese": 250, "fraise": 100, "new": false, "customs": 0}, {"category": 7, "id": 7, "cheese": 200, "fraise": 80, "new": false, "customs": 0}, {"category": 7, "id": 6, "cheese": 200, "fraise": 80, "new": false, "customs": 0}, {"category": 7, "id": 5, "cheese": 250, "fraise": 100, "new": false, "customs": 0}, {"category": 7, "id": 4, "cheese": 100, "fraise": 30, "new": false, "customs": 0}, {"category": 7, "id": 3, "cheese": 150, "fraise": 40, "new": false, "customs": 0}, {"category": 7, "id": 2, "cheese": 100, "fraise": 30, "new": false, "customs": 0}, {"category": 7, "id": 1, "cheese": 150, "fraise": 40, "new": false, "customs": 0}, {"category": 6, "id": 36, "cheese": 1200, "fraise": 120, "new": false, "customs": 9, "collector": true}, {"category": 6, "id": 35, "cheese": 1500, "fraise": 180, "new": false, "customs": 6, "collector": true}, {"category": 6, "id": 34, "cheese": 800, "fraise": 80, "new": false, "customs": 4, "collector": true}, {"category": 6, "id": 33, "cheese": 1100, "fraise": 100, "new": false, "customs": 2, "collector": true}, {"category": 6, "id": 32, "cheese": 1000, "fraise": 100, "new": false, "customs": 3, "collector": true}, {"category": 6, "id": 31, "cheese": 1200, "fraise": 100, "new": false, "customs": 2, "collector": true}, {"category": 6, "id": 30, "cheese": 900, "fraise": 100, "new": false, "customs": 5}, {"category": 6, "id": 29, "cheese": 800, "fraise": 80, "new": false, "customs": 2}, {"category": 6, "id": 28, "cheese": 1000, "fraise": 80, "new": false, "customs": 4}, {"category": 6, "id": 27, "cheese": 1000, "fraise": 120, "new": false, "customs": 2}, {"category": 6, "id": 26, "cheese": 1200, "fraise": 100, "new": false, "customs": 5}, {"category": 6, "id": 25, "cheese": 1000, "fraise": 100, "new": false, "customs": 8}, {"category": 6, "id": 24, "cheese": 1200, "fraise": 120, "new": false, "customs": 5}, {"category": 6, "id": 23, "cheese": 1500, "fraise": 120, "new": false, "customs": 6}, {"category": 6, "id": 22, "cheese": 1500, "fraise": 100, "new": false, "customs": 7}, {"category": 6, "id": 21, "cheese": 1500, "fraise": 150, "new": false, "customs": 2}, {"category": 6, "id": 20, "cheese": 1000, "fraise": 80, "new": false, "customs": 2}, {"category": 6, "id": 19, "cheese": 3000, "fraise": 200, "new": false, "customs": 3}, {"category": 6, "id": 18, "cheese": 1000, "fraise": 100, "new": false, "customs": 2}, {"category": 6, "id": 17, "cheese": 800, "fraise": 80, "new": false, "customs": 4}, {"category": 6, "id": 16, "cheese": 1000, "fraise": 100, "new": false, "customs": 3}, {"category": 6, "id": 15, "cheese": 1500, "fraise": 150, "new": false, "customs": 10}, {"category": 6, "id": 14, "cheese": 1000, "fraise": 100, "new": false, "customs": 2}, {"category": 6, "id": 13, "cheese": 900, "fraise": 100, "new": false, "customs": 3}, {"category": 6, "id": 12, "cheese": 800, "fraise": 80, "new": false, "customs": 2}, {"category": 6, "id": 11, "cheese": 1500, "fraise": 150, "new": false, "customs": 3}, {"category": 6, "id": 10, "cheese": 800, "fraise": 80, "new": false, "customs": 2}, {"category": 6, "id": 9, "cheese": 1000, "fraise": 100, "new": false, "customs": 2}, {"category": 6, "id": 8, "cheese": 2000, "fraise": 200, "new": false, "customs": 4}, {"category": 6, "id": 7, "cheese": 1500, "fraise": 150, "new": false, "customs": 3}, {"category": 6, "id": 6, "cheese": 1500, "fraise": 150, "new": false, "customs": 4}, {"category": 6, "id": 5, "cheese": 1000, "fraise": 80, "new": false, "customs": 3}, {"category": 6, "id": 4, "cheese": 1000, "fraise": 150, "new": false, "customs": 2}, {"category": 6, "id": 3, "cheese": 1000, "fraise": 100, "new": false, "customs": 1}, {"category": 6, "id": 2, "cheese": 800, "fraise": 80, "new": false, "customs": 1}, {"category": 6, "id": 1, "cheese": 2000, "fraise": 200, "new": false, "customs": 2}, {"category": 5, "id": 70, "cheese": 400, "fraise": 50, "new": true, "customs": 5, "collector": true}, {"category": 5, "id": 69, "cheese": 400, "fraise": 60, "new": false, "customs": 6, "collector": true}, {"category": 5, "id": 68, "cheese": 300, "fraise": 40, "new": false, "customs": 1, "collector": true}, {"category": 5, "id": 67, "cheese": 300, "fraise": 40, "new": false, "customs": 6, "collector": true}, {"category": 5, "id": 66, "cheese": 500, "fraise": 60, "new": false, "customs": 2, "collector": true}, {"category": 5, "id": 65, "cheese": 500, "fraise": 60, "new": false, "customs": 2, "collector": true}, {"category": 5, "id": 64, "cheese": 400, "fraise": 50, "new": false, "customs": 6, "collector": true}, {"category": 5, "id": 63, "cheese": 400, "fraise": 50, "new": false, "customs": 5, "collector": true}, {"category": 5, "id": 62, "cheese": 600, "fraise": 70, "new": false, "customs": 3, "collector": true}, {"category": 5, "id": 61, "cheese": 600, "fraise": 70, "new": false, "customs": 1, "collector": true}, {"category": 5, "id": 60, "cheese": 600, "fraise": 70, "new": false, "customs": 2, "collector": true}, {"category": 5, "id": 59, "cheese": 600, "fraise": 70, "new": false, "customs": 3, "collector": true}, {"category": 5, "id": 58, "cheese": 600, "fraise": 70, "new": false, "customs": 5, "collector": true}, {"category": 5, "id": 57, "cheese": 600, "fraise": 70, "new": false, "customs": 3, "collector": true}, {"category": 5, "id": 56, "cheese": 400, "fraise": 50, "new": false, "customs": 1, "collector": true}, {"category": 5, "id": 55, "cheese": 400, "fraise": 50, "new": false, "customs": 2}, {"category": 5, "id": 54, "cheese": 400, "fraise": 50, "new": false, "customs": 1}, {"category": 5, "id": 53, "cheese": 300, "fraise": 30, "new": false, "customs": 2}, {"category": 5, "id": 52, "cheese": 400, "fraise": 50, "new": false, "customs": 3, "collector": true}, {"category": 5, "id": 51, "cheese": 600, "fraise": 70, "new": false, "customs": 5, "collector": true}, {"category": 5, "id": 50, "cheese": 300, "fraise": 30, "new": false, "customs": 1, "collector": true}, {"category": 5, "id": 49, "cheese": 350, "fraise": 40, "new": false, "customs": 4, "collector": true}, {"category": 5, "id": 48, "cheese": 400, "fraise": 50, "new": false, "customs": 4, "collector": true}, {"category": 5, "id": 47, "cheese": 350, "fraise": 40, "new": false, "customs": 2, "collector": true}, {"category": 5, "id": 46, "cheese": 600, "fraise": 70, "new": false, "customs": 4, "collector": true}, {"category": 5, "id": 45, "cheese": 600, "fraise": 70, "new": false, "customs": 4, "collector": true}, {"category": 5, "id": 44, "cheese": 400, "fraise": 50, "new": false, "customs": 5, "collector": true}, {"category": 5, "id": 43, "cheese": 350, "fraise": 40, "new": false, "customs": 1, "collector": true}, {"category": 5, "id": 42, "cheese": 350, "fraise": 40, "new": false, "customs": 3, "collector": true}, {"category": 5, "id": 41, "cheese": 600, "fraise": 70, "new": false, "customs": 7, "collector": true}, {"category": 5, "id": 40, "cheese": 300, "fraise": 30, "new": false, "customs": 2, "collector": true}, {"category": 5, "id": 39, "cheese": 320, "fraise": 40, "new": false, "customs": 4, "collector": true}, {"category": 5, "id": 38, "cheese": 320, "fraise": 40, "new": false, "customs": 5, "collector": true}, {"category": 5, "id": 37, "cheese": 350, "fraise": 40, "new": false, "customs": 3, "collector": true}, {"category": 5, "id": 36, "cheese": 300, "fraise": 40, "new": false, "customs": 2, "collector": true}, {"category": 5, "id": 35, "cheese": 400, "fraise": 60, "new": false, "customs": 4}, {"category": 5, "id": 34, "cheese": 400, "fraise": 50, "new": false, "customs": 5}, {"category": 5, "id": 33, "cheese": 400, "fraise": 50, "new": false, "customs": 9}, {"category": 5, "id": 32, "cheese": 380, "fraise": 60, "new": false, "customs": 4, "collector": true}, {"category": 5, "id": 31, "cheese": 350, "fraise": 50, "new": false, "customs": 5, "collector": true}, {"category": 5, "id": 30, "cheese": 300, "fraise": 40, "new": false, "customs": 1, "collector": true}, {"category": 5, "id": 29, "cheese": 350, "fraise": 50, "new": false, "customs": 3, "collector": true}, {"category": 5, "id": 28, "cheese": 300, "fraise": 50, "new": false, "customs": 2, "collector": true}, {"category": 5, "id": 27, "cheese": 350, "fraise": 40, "new": false, "customs": 3, "collector": true}, {"category": 5, "id": 26, "cheese": 400, "fraise": 60, "new": false, "customs": 2}, {"category": 5, "id": 25, "cheese": 250, "fraise": 40, "new": false, "customs": 1}, {"category": 5, "id": 24, "cheese": 300, "fraise": 40, "new": false, "customs": 4, "collector": true}, {"category": 5, "id": 23, "cheese": 300, "fraise": 40, "new": false, "customs": 1}, {"category": 5, "id": 22, "cheese": 300, "fraise": 40, "new": false, "customs": 1}, {"category": 5, "id": 21, "cheese": 900, "fraise": 100, "new": false, "customs": 6}, {"category": 5, "id": 20, "cheese": 800, "fraise": 80, "new": false, "customs": 2}, {"category": 5, "id": 19, "cheese": 1000, "fraise": 110, "new": false, "customs": 3}, {"category": 5, "id": 18, "cheese": 200, "fraise": 40, "new": false, "customs": 2}, {"category": 5, "id": 17, "cheese": 1000, "fraise": 100, "new": false, "customs": 2}, {"category": 5, "id": 16, "cheese": 250, "fraise": 40, "new": false, "customs": 1}, {"category": 5, "id": 15, "cheese": 250, "fraise": 40, "new": false, "customs": 2}, {"category": 5, "id": 14, "cheese": 150, "fraise": 20, "new": false, "customs": 1}, {"category": 5, "id": 13, "cheese": 400, "fraise": 40, "new": false, "customs": 1}, {"category": 5, "id": 12, "cheese": 200, "fraise": 40, "new": false, "customs": 1}, {"category": 5, "id": 11, "cheese": 200, "fraise": 40, "new": false, "customs": 2}, {"category": 5, "id": 10, "cheese": 200, "fraise": 40, "new": false, "customs": 2}, {"category": 5, "id": 9, "cheese": 400, "fraise": 40, "new": false, "customs": 2}, {"category": 5, "id": 8, "cheese": 300, "fraise": 40, "new": false, "customs": 4}, {"category": 5, "id": 7, "cheese": 300, "fraise": 40, "new": false, "customs": 2}, {"category": 5, "id": 6, "cheese": 300, "fraise": 40, "new": false, "customs": 4}, {"category": 5, "id": 5, "cheese": 400, "fraise": 40, "new": false, "customs": 1}, {"category": 5, "id": 4, "cheese": 400, "fraise": 40, "new": false, "customs": 1}, {"category": 5, "id": 3, "cheese": 400, "fraise": 40, "new": false, "customs": 1}, {"category": 5, "id": 2, "cheese": 400, "fraise": 40, "new": false, "customs": 1}, {"category": 5, "id": 1, "cheese": 400, "fraise": 40, "new": false, "customs": 1}, {"category": 4, "id": 44, "cheese": 1000001, "fraise": 0, "new": false, "customs": 3, "purchasable": false}, {"category": 4, "id": 43, "cheese": 400, "fraise": 50, "new": false, "customs": 3, "collector": true}, {"category": 4, "id": 42, "cheese": 250, "fraise": 40, "new": false, "customs": 3, "collector": true}, {"category": 4, "id": 41, "cheese": 400, "fraise": 50, "new": false, "customs": 4, "collector": true}, {"category": 4, "id": 40, "cheese": 600, "fraise": 60, "new": false, "customs": 6, "collector": true}, {"category": 4, "id": 39, "cheese": 250, "fraise": 40, "new": false, "customs": 1, "collector": true}, {"category": 4, "id": 38, "cheese": 300, "fraise": 40, "new": false, "customs": 1, "collector": true}, {"category": 4, "id": 37, "cheese": 400, "fraise": 50, "new": false, "customs": 4, "collector": true}, {"category": 4, "id": 36, "cheese": 600, "fraise": 60, "new": false, "customs": 3, "collector": true}, {"category": 4, "id": 35, "cheese": 600, "fraise": 60, "new": false, "customs": 4, "collector": true}, {"category": 4, "id": 34, "cheese": 600, "fraise": 60, "new": false, "customs": 3, "collector": true}, {"category": 4, "id": 33, "cheese": 800, "fraise": 100, "new": false, "customs": 6}, {"category": 4, "id": 32, "cheese": 250, "fraise": 40, "new": false, "customs": 4}, {"category": 4, "id": 31, "cheese": 300, "fraise": 40, "new": false, "customs": 1}, {"category": 4, "id": 30, "cheese": 300, "fraise": 40, "new": false, "customs": 3}, {"category": 4, "id": 29, "cheese": 600, "fraise": 50, "new": false, "customs": 2}, {"category": 4, "id": 28, "cheese": 150, "fraise": 40, "new": false, "customs": 1}, {"category": 4, "id": 27, "cheese": 250, "fraise": 40, "new": false, "customs": 4}, {"category": 4, "id": 26, "cheese": 600, "fraise": 60, "new": false, "customs": 2}, {"category": 4, "id": 25, "cheese": 150, "fraise": 35, "new": false, "customs": 2}, {"category": 4, "id": 24, "cheese": 450, "fraise": 40, "new": false, "customs": 3}, {"category": 4, "id": 23, "cheese": 600, "fraise": 50, "new": false, "customs": 2}, {"category": 4, "id": 22, "cheese": 350, "fraise": 40, "new": false, "customs": 8}, {"category": 4, "id": 21, "cheese": 150, "fraise": 40, "new": false, "customs": 2}, {"category": 4, "id": 20, "cheese": 200, "fraise": 40, "new": false, "customs": 1}, {"category": 4, "id": 19, "cheese": 500, "fraise": 50, "new": false, "customs": 2}, {"category": 4, "id": 18, "cheese": 450, "fraise": 40, "new": false, "customs": 3}, {"category": 4, "id": 17, "cheese": 150, "fraise": 40, "new": false, "customs": 2}, {"category": 4, "id": 16, "cheese": 200, "fraise": 40, "new": false, "customs": 3}, {"category": 4, "id": 15, "cheese": 150, "fraise": 25, "new": false, "customs": 3}, {"category": 4, "id": 14, "cheese": 200, "fraise": 40, "new": false, "customs": 3}, {"category": 4, "id": 13, "cheese": 400, "fraise": 40, "new": false, "customs": 0}, {"category": 4, "id": 12, "cheese": 300, "fraise": 40, "new": false, "customs": 1}, {"category": 4, "id": 11, "cheese": 200, "fraise": 20, "new": false, "customs": 2}, {"category": 4, "id": 10, "cheese": 100, "fraise": 20, "new": false, "customs": 1}, {"category": 4, "id": 9, "cheese": 150, "fraise": 40, "new": false, "customs": 2}, {"category": 4, "id": 8, "cheese": 100, "fraise": 20, "new": false, "customs": 2}, {"category": 4, "id": 7, "cheese": 150, "fraise": 20, "new": false, "customs": 2}, {"category": 4, "id": 6, "cheese": 50, "fraise": 20, "new": false, "customs": 2}, {"category": 4, "id": 5, "cheese": 80, "fraise": 20, "new": false, "customs": 2}, {"category": 4, "id": 4, "cheese": 50, "fraise": 20, "new": false, "customs": 2}, {"category": 4, "id": 3, "cheese": 60, "fraise": 20, "new": false, "customs": 1}, {"category": 4, "id": 2, "cheese": 200, "fraise": 40, "new": false, "customs": 1}, {"category": 4, "id": 1, "cheese": 200, "fraise": 40, "new": false, "customs": 3}, {"category": 3, "id": 70, "cheese": 1000001, "fraise": 0, "new": false, "customs": 1, "purchasable": false}, {"category": 3, "id": 69, "cheese": 350, "fraise": 40, "new": false, "customs": 3, "collector": true}, {"category": 3, "id": 68, "cheese": 500, "fraise": 60, "new": false, "customs": 8, "collector": true}, {"category": 3, "id": 67, "cheese": 400, "fraise": 50, "new": false, "customs": 4, "collector": true}, {"category": 3, "id": 66, "cheese": 200, "fraise": 40, "new": false, "customs": 1, "collector": true}, {"category": 3, "id": 65, "cheese": 450, "fraise": 50, "new": false, "customs": 4, "collector": true}, {"category": 3, "id": 64, "cheese": 250, "fraise": 40, "new": false, "customs": 3, "collector": true}, {"category": 3, "id": 63, "cheese": 400, "fraise": 50, "new": false, "customs": 5}, {"category": 3, "id": 62, "cheese": 250, "fraise": 40, "new": false, "customs": 3}, {"category": 3, "id": 61, "cheese": 300, "fraise": 40, "new": false, "customs": 3}, {"category": 3, "id": 60, "cheese": 150, "fraise": 40, "new": false, "customs": 2}, {"category": 3, "id": 59, "cheese": 250, "fraise": 40, "new": false, "customs": 1}, {"category": 3, "id": 58, "cheese": 350, "fraise": 40, "new": false, "customs": 2}, {"category": 3, "id": 57, "cheese": 400, "fraise": 40, "new": false, "customs": 2}, {"category": 3, "id": 56, "cheese": 450, "fraise": 50, "new": false, "customs": 1}, {"category": 3, "id": 55, "cheese": 400, "fraise": 50, "new": false, "customs": 2}, {"category": 3, "id": 54, "cheese": 600, "fraise": 60, "new": false, "customs": 3}, {"category": 3, "id": 53, "cheese": 600, "fraise": 40, "new": false, "customs": 3}, {"category": 3, "id": 52, "cheese": 250, "fraise": 40, "new": false, "customs": 3}, {"category": 3, "id": 51, "cheese": 250, "fraise": 40, "new": false, "customs": 5}, {"category": 3, "id": 50, "cheese": 300, "fraise": 40, "new": false, "customs": 3}, {"category": 3, "id": 49, "cheese": 150, "fraise": 40, "new": false, "customs": 2}, {"category": 3, "id": 48, "cheese": 250, "fraise": 40, "new": false, "customs": 4}, {"category": 3, "id": 47, "cheese": 350, "fraise": 40, "new": false, "customs": 1}, {"category": 3, "id": 46, "cheese": 500, "fraise": 50, "new": false, "customs": 5}, {"category": 3, "id": 45, "cheese": 100, "fraise": 40, "new": false, "customs": 1}, {"category": 3, "id": 44, "cheese": 250, "fraise": 40, "new": false, "customs": 3}, {"category": 3, "id": 43, "cheese": 400, "fraise": 40, "new": false, "customs": 1}, {"category": 3, "id": 42, "cheese": 400, "fraise": 50, "new": false, "customs": 2}, {"category": 3, "id": 41, "cheese": 300, "fraise": 40, "new": false, "customs": 2}, {"category": 3, "id": 40, "cheese": 300, "fraise": 60, "new": false, "customs": 2}, {"category": 3, "id": 39, "cheese": 50, "fraise": 8, "new": false, "customs": 2}, {"category": 3, "id": 38, "cheese": 200, "fraise": 40, "new": false, "customs": 2}, {"category": 3, "id": 37, "cheese": 300, "fraise": 40, "new": false, "customs": 2}, {"category": 3, "id": 36, "cheese": 200, "fraise": 40, "new": false, "customs": 4}, {"category": 3, "id": 35, "cheese": 100, "fraise": 20, "new": false, "customs": 3}, {"category": 3, "id": 34, "cheese": 400, "fraise": 40, "new": false, "customs": 1}, {"category": 3, "id": 33, "cheese": 300, "fraise": 40, "new": false, "customs": 2}, {"category": 3, "id": 32, "cheese": 1000001, "fraise": 0, "new": false, "customs": 3, "purchasable": false}, {"category": 3, "id": 31, "cheese": 200, "fraise": 40, "new": false, "customs": 2}, {"category": 3, "id": 30, "cheese": 200, "fraise": 40, "new": false, "customs": 2}, {"category": 3, "id": 29, "cheese": 50, "fraise": 10, "new": false, "customs": 2}, {"category": 3, "id": 28, "cheese": 300, "fraise": 60, "new": false, "customs": 2}, {"category": 3, "id": 27, "cheese": 150, "fraise": 40, "new": false, "customs": 2}, {"category": 3, "id": 26, "cheese": 100, "fraise": 20, "new": false, "customs": 2}, {"category": 3, "id": 25, "cheese": 100, "fraise": 20, "new": false, "customs": 1}, {"category": 3, "id": 24, "cheese": 200, "fraise": 40, "new": false, "customs": 2}, {"category": 3, "id": 23, "cheese": 100, "fraise": 10, "new": false, "customs": 2}, {"category": 3, "id": 22, "cheese": 100, "fraise": 10, "new": false, "customs": 1}, {"category": 3, "id": 21, "cheese": 60, "fraise": 10, "new": false, "customs": 3}, {"category": 3, "id": 20, "cheese": 20, "fraise": 5, "new": false, "customs": 3}, {"category": 3, "id": 19, "cheese": 1000001, "fraise": 0, "new": false, "customs": 2, "purchasable": false}, {"category": 3, "id": 18, "cheese": 400, "fraise": 40, "new": false, "customs": 0}, {"category": 3, "id": 17, "cheese": 40, "fraise": 20, "new": false, "customs": 0}, {"category": 3, "id": 16, "cheese": 50, "fraise": 10, "new": false, "customs": 1}, {"category": 3, "id": 15, "cheese": 250, "fraise": 40, "new": false, "customs": 1}, {"category": 3, "id": 14, "cheese": 50, "fraise": 10, "new": false, "customs": 1}, {"category": 3, "id": 13, "cheese": 150, "fraise": 25, "new": false, "customs": 0}, {"category": 3, "id": 12, "cheese": 150, "fraise": 20, "new": false, "customs": 1}, {"category": 3, "id": 11, "cheese": 400, "fraise": 40, "new": false, "customs": 0}, {"category": 3, "id": 10, "cheese": 20, "fraise": 10, "new": false, "customs": 1}, {"category": 3, "id": 9, "cheese": 400, "fraise": 40, "new": false, "customs": 1}, {"category": 3, "id": 8, "cheese": 400, "fraise": 50, "new": false, "customs": 0}, {"category": 3, "id": 7, "cheese": 300, "fraise": 40, "new": false, "customs": 1}, {"category": 3, "id": 6, "cheese": 300, "fraise": 40, "new": false, "customs": 1}, {"category": 3, "id": 5, "cheese": 300, "fraise": 40, "new": false, "customs": 1}, {"category": 3, "id": 4, "cheese": 400, "fraise": 40, "new": false, "customs": 2}, {"category": 3, "id": 3, "cheese": 150, "fraise": 25, "new": false, "customs": 1}, {"category": 3, "id": 2, "cheese": 25, "fraise": 10, "new": false, "customs": 1}, {"category": 3, "id": 1, "cheese": 100, "fraise": 20, "new": false, "customs": 1}, {"category": 2, "id": 57, "cheese": 600, "fraise": 40, "new": false, "customs": 2, "collector": true}, {"category": 2, "id": 56, "cheese": 300, "fraise": 40, "new": false, "customs": 5, "collector": true}, {"category": 2, "id": 55, "cheese": 300, "fraise": 40, "new": false, "customs": 6, "collector": true}, {"category": 2, "id": 54, "cheese": 300, "fraise": 40, "new": false, "customs": 3, "collector": true}, {"category": 2, "id": 53, "cheese": 250, "fraise": 30, "new": false, "customs": 4, "collector": true}, {"category": 2, "id": 52, "cheese": 250, "fraise": 30, "new": false, "customs": 3, "collector": true}, {"category": 2, "id": 51, "cheese": 50, "fraise": 5, "new": false, "customs": 2}, {"category": 2, "id": 50, "cheese": 400, "fraise": 60, "new": false, "customs": 4, "collector": true}, {"category": 2, "id": 49, "cheese": 300, "fraise": 40, "new": false, "customs": 1, "collector": true}, {"category": 2, "id": 48, "cheese": 500, "fraise": 80, "new": false, "customs": 4, "collector": true}, {"category": 2, "id": 47, "cheese": 400, "fraise": 60, "new": false, "customs": 7, "collector": true}, {"category": 2, "id": 46, "cheese": 300, "fraise": 50, "new": false, "customs": 5, "collector": true}, {"category": 2, "id": 45, "cheese": 400, "fraise": 80, "new": false, "customs": 7, "collector": true}, {"category": 2, "id": 44, "cheese": 300, "fraise": 40, "new": false, "customs": 4, "collector": true}, {"category": 2, "id": 43, "cheese": 400, "fraise": 60, "new": false, "customs": 4, "collector": true}, {"category": 2, "id": 42, "cheese": 250, "fraise": 30, "new": false, "customs": 2, "collector": true}, {"category": 2, "id": 41, "cheese": 250, "fraise": 30, "new": false, "customs": 2, "collector": true}, {"category": 2, "id": 40, "cheese": 300, "fraise": 40, "new": false, "customs": 3, "collector": true}, {"category": 2, "id": 39, "cheese": 300, "fraise": 40, "new": false, "customs": 3, "collector": true}, {"category": 2, "id": 38, "cheese": 300, "fraise": 40, "new": false, "customs": 3, "collector": true}, {"category": 2, "id": 37, "cheese": 100, "fraise": 20, "new": false, "customs": 1}, {"category": 2, "id": 36, "cheese": 500, "fraise": 80, "new": false, "customs": 5}, {"category": 2, "id": 35, "cheese": 600, "fraise": 80, "new": false, "customs": 5}, {"category": 2, "id": 34, "cheese": 600, "fraise": 80, "new": false, "customs": 4}, {"category": 2, "id": 33, "cheese": 200, "fraise": 40, "new": false, "customs": 1}, {"category": 2, "id": 32, "cheese": 250, "fraise": 30, "new": false, "customs": 3}, {"category": 2, "id": 31, "cheese": 400, "fraise": 40, "new": false, "customs": 2}, {"category": 2, "id": 30, "cheese": 250, "fraise": 40, "new": false, "customs": 3}, {"category": 2, "id": 29, "cheese": 400, "fraise": 40, "new": false, "customs": 7}, {"category": 2, "id": 28, "cheese": 600, "fraise": 40, "new": false, "customs": 4}, {"category": 2, "id": 27, "cheese": 1000, "fraise": 80, "new": false, "customs": 3}, {"category": 2, "id": 26, "cheese": 400, "fraise": 40, "new": false, "customs": 6}, {"category": 2, "id": 25, "cheese": 600, "fraise": 100, "new": false, "customs": 3}, {"category": 2, "id": 24, "cheese": 200, "fraise": 30, "new": false, "customs": 3}, {"category": 2, "id": 23, "cheese": 50, "fraise": 10, "new": false, "customs": 1}, {"category": 2, "id": 22, "cheese": 400, "fraise": 40, "new": false, "customs": 3}, {"category": 2, "id": 21, "cheese": 300, "fraise": 40, "new": false, "customs": 4}, {"category": 2, "id": 20, "cheese": 250, "fraise": 40, "new": false, "customs": 1}, {"category": 2, "id": 19, "cheese": 100, "fraise": 10, "new": false, "customs": 1}, {"category": 2, "id": 18, "cheese": 40, "fraise": 10, "new": false, "customs": 2}, {"category": 2, "id": 17, "cheese": 400, "fraise": 40, "new": false, "customs": 5}, {"category": 2, "id": 16, "cheese": 250, "fraise": 40, "new": false, "customs": 3}, {"category": 2, "id": 15, "cheese": 600, "fraise": 60, "new": false, "customs": 8}, {"category": 2, "id": 14, "cheese": 200, "fraise": 40, "new": false, "customs": 3}, {"category": 2, "id": 13, "cheese": 200, "fraise": 40, "new": false, "customs": 1}, {"category": 2, "id": 12, "cheese": 60, "fraise": 20, "new": false, "customs": 2}, {"category": 2, "id": 11, "cheese": 500, "fraise": 50, "new": false, "customs": 1}, {"category": 2, "id": 10, "cheese": 4001, "fraise": 0, "new": false, "customs": 3}, {"category": 2, "id": 9, "cheese": 1000001, "fraise": 0, "new": false, "customs": 0, "purchasable": false}, {"category": 2, "id": 8, "cheese": 400, "fraise": 40, "new": false, "customs": 2}, {"category": 2, "id": 7, "cheese": 400, "fraise": 40, "new": false, "customs": 0}, {"category": 2, "id": 6, "cheese": 150, "fraise": 40, "new": false, "customs": 2}, {"category": 2, "id": 5, "cheese": 300, "fraise": 0, "new": false, "customs": 2}, {"category": 2, "id": 4, "cheese": 20, "fraise": 5, "new": false, "customs": 2}, {"category": 2, "id": 3, "cheese": 50, "fraise": 10, "new": false, "customs": 1}, {"category": 2, "id": 2, "cheese": 200, "fraise": 40, "new": false, "customs": 0}, {"category": 2, "id": 1, "cheese": 100, "fraise": 40, "new": false, "customs": 1}, {"category": 1, "id": 37, "cheese": 300, "fraise": 40, "new": false, "customs": 6, "collector": true}, {"category": 1, "id": 36, "cheese": 350, "fraise": 40, "new": false, "customs": 2, "collector": true}, {"category": 1, "id": 35, "cheese": 300, "fraise": 40, "new": false, "customs": 2, "collector": true}, {"category": 1, "id": 34, "cheese": 300, "fraise": 40, "new": false, "customs": 4, "collector": true}, {"category": 1, "id": 33, "cheese": 300, "fraise": 40, "new": false, "customs": 2, "collector": true}, {"category": 1, "id": 32, "cheese": 400, "fraise": 50, "new": false, "customs": 2, "collector": true}, {"category": 1, "id": 31, "cheese": 400, "fraise": 50, "new": false, "customs": 4, "collector": true}, {"category": 1, "id": 30, "cheese": 300, "fraise": 40, "new": false, "customs": 8, "collector": true}, {"category": 1, "id": 29, "cheese": 550, "fraise": 50, "new": false, "customs": 3, "collector": true}, {"category": 1, "id": 28, "cheese": 400, "fraise": 50, "new": false, "customs": 2, "collector": true}, {"category": 1, "id": 27, "cheese": 450, "fraise": 50, "new": false, "customs": 4, "collector": true}, {"category": 1, "id": 26, "cheese": 700, "fraise": 60, "new": false, "customs": 3}, {"category": 1, "id": 25, "cheese": 300, "fraise": 40, "new": false, "customs": 1}, {"category": 1, "id": 24, "cheese": 450, "fraise": 40, "new": false, "customs": 4}, {"category": 1, "id": 23, "cheese": 500, "fraise": 50, "new": false, "customs": 5}, {"category": 1, "id": 22, "cheese": 250, "fraise": 40, "new": false, "customs": 1}, {"category": 1, "id": 21, "cheese": 1000, "fraise": 100, "new": false, "customs": 2}, {"category": 1, "id": 20, "cheese": 250, "fraise": 40, "new": false, "customs": 2}, {"category": 1, "id": 19, "cheese": 500, "fraise": 50, "new": false, "customs": 1}, {"category": 1, "id": 18, "cheese": 500, "fraise": 50, "new": false, "customs": 3}, {"category": 1, "id": 17, "cheese": 500, "fraise": 50, "new": false, "customs": 1}, {"category": 1, "id": 16, "cheese": 1000001, "fraise": 0, "new": false, "customs": 2, "purchasable": false}, {"category": 1, "id": 15, "cheese": 400, "fraise": 40, "new": false, "customs": 0}, {"category": 1, "id": 14, "cheese": 100, "fraise": 20, "new": false, "customs": 3}, {"category": 1, "id": 13, "cheese": 1000001, "fraise": 0, "new": false, "customs": 0, "purchasable": false}, {"category": 1, "id": 12, "cheese": 400, "fraise": 40, "new": false, "customs": 2}, {"category": 1, "id": 11, "cheese": 200, "fraise": 30, "new": false, "customs": 2}, {"category": 1, "id": 10, "cheese": 100, "fraise": 25, "new": false, "customs": 1}, {"category": 1, "id": 9, "cheese": 20, "fraise": 5, "new": false, "customs": 1}, {"category": 1, "id": 8, "cheese": 50, "fraise": 10, "new": false, "customs": 1}, {"category": 1, "id": 7, "cheese": 50, "fraise": 10, "new": false, "customs": 3}, {"category": 1, "id": 6, "cheese": 800, "fraise": 70, "new": false, "customs": 2}, {"category": 1, "id": 5, "cheese": 300, "fraise": 40, "new": false, "customs": 1}, {"category": 1, "id": 4, "cheese": 200, "fraise": 30, "new": false, "customs": 1}, {"category": 1, "id": 3, "cheese": 200, "fraise": 30, "new": false, "customs": 1}, {"category": 1, "id": 2, "cheese": 200, "fraise": 30, "new": false, "customs": 1}, {"category": 1, "id": 1, "cheese": 200, "fraise": 30, "new": false, "customs": 1}, {"category": 0, "id": 196, "cheese": 300, "fraise": 40, "new": true, "customs": 5, "collector": true}, {"category": 0, "id": 195, "cheese": 600, "fraise": 60, "new": true, "customs": 7, "collector": true}, {"category": 0, "id": 194, "cheese": 400, "fraise": 40, "new": false, "customs": 5, "collector": true}, {"category": 0, "id": 193, "cheese": 800, "fraise": 80, "new": false, "customs": 3, "collector": true}, {"category": 0, "id": 192, "cheese": 800, "fraise": 80, "new": false, "customs": 2, "collector": true}, {"category": 0, "id": 191, "cheese": 800, "fraise": 80, "new": false, "customs": 5, "collector": true}, {"category": 0, "id": 190, "cheese": 400, "fraise": 50, "new": false, "customs": 7, "collector": true}, {"category": 0, "id": 189, "cheese": 1000001, "fraise": 0, "new": false, "customs": 6, "purchasable": false}, {"category": 0, "id": 188, "cheese": 400, "fraise": 50, "new": false, "customs": 6, "collector": true}, {"category": 0, "id": 187, "cheese": 600, "fraise": 70, "new": false, "customs": 4, "collector": true}, {"category": 0, "id": 186, "cheese": 500, "fraise": 60, "new": false, "customs": 2, "collector": true}, {"category": 0, "id": 185, "cheese": 1500, "fraise": 180, "new": false, "customs": 4, "collector": true}, {"category": 0, "id": 184, "cheese": 300, "fraise": 40, "new": false, "customs": 4, "collector": true}, {"category": 0, "id": 183, "cheese": 500, "fraise": 60, "new": false, "customs": 2, "collector": true}, {"category": 0, "id": 182, "cheese": 1000001, "fraise": 0, "new": false, "customs": 5, "purchasable": false}, {"category": 0, "id": 181, "cheese": 500, "fraise": 60, "new": false, "customs": 3, "collector": true}, {"category": 0, "id": 180, "cheese": 500, "fraise": 60, "new": false, "customs": 3, "collector": true}, {"category": 0, "id": 179, "cheese": 1000, "fraise": 120, "new": false, "customs": 5, "collector": true}, {"category": 0, "id": 178, "cheese": 800, "fraise": 100, "new": false, "customs": 2, "collector": true}, {"category": 0, "id": 177, "cheese": 500, "fraise": 60, "new": false, "customs": 7, "collector": true}, {"category": 0, "id": 176, "cheese": 800, "fraise": 100, "new": false, "customs": 4, "collector": true}, {"category": 0, "id": 175, "cheese": 800, "fraise": 100, "new": false, "customs": 8, "collector": true}, {"category": 0, "id": 174, "cheese": 500, "fraise": 60, "new": false, "customs": 3, "collector": true}, {"category": 0, "id": 173, "cheese": 2000, "fraise": 100, "new": false, "customs": 2, "collector": true}, {"category": 0, "id": 172, "cheese": 400, "fraise": 50, "new": false, "customs": 3, "collector": true}, {"category": 0, "id": 171, "cheese": 200, "fraise": 40, "new": false, "customs": 1, "collector": true}, {"category": 0, "id": 170, "cheese": 500, "fraise": 60, "new": false, "customs": 6, "collector": true}, {"category": 0, "id": 169, "cheese": 800, "fraise": 100, "new": false, "customs": 10, "collector": true}, {"category": 0, "id": 168, "cheese": 800, "fraise": 100, "new": false, "customs": 10, "collector": true}, {"category": 0, "id": 167, "cheese": 200, "fraise": 40, "new": false, "customs": 1, "collector": true}, {"category": 0, "id": 166, "cheese": 1000, "fraise": 100, "new": false, "customs": 4, "collector": true}, {"category": 0, "id": 165, "cheese": 400, "fraise": 40, "new": false, "customs": 2, "collector": true}, {"category": 0, "id": 164, "cheese": 500, "fraise": 60, "new": false, "customs": 3, "collector": true}, {"category": 0, "id": 163, "cheese": 500, "fraise": 60, "new": false, "customs": 4, "collector": true}, {"category": 0, "id": 162, "cheese": 500, "fraise": 60, "new": false, "customs": 4, "collector": true}, {"category": 0, "id": 161, "cheese": 400, "fraise": 50, "new": false, "customs": 3, "collector": true}, {"category": 0, "id": 160, "cheese": 200, "fraise": 40, "new": false, "customs": 1, "collector": true}, {"category": 0, "id": 159, "cheese": 400, "fraise": 50, "new": false, "customs": 2, "collector": true}, {"category": 0, "id": 158, "cheese": 800, "fraise": 100, "new": false, "customs": 5, "collector": true}, {"category": 0, "id": 157, "cheese": 200, "fraise": 40, "new": false, "customs": 1, "collector": true}, {"category": 0, "id": 156, "cheese": 200, "fraise": 40, "new": false, "customs": 1, "collector": true}, {"category": 0, "id": 155, "cheese": 400, "fraise": 40, "new": false, "customs": 2, "collector": true}, {"category": 0, "id": 154, "cheese": 600, "fraise": 50, "new": false, "customs": 2, "collector": true}, {"category": 0, "id": 153, "cheese": 700, "fraise": 80, "new": false, "customs": 3, "collector": true}, {"category": 0, "id": 152, "cheese": 900, "fraise": 120, "new": false, "customs": 3, "collector": true}, {"category": 0, "id": 151, "cheese": 600, "fraise": 50, "new": false, "customs": 4, "collector": true}, {"category": 0, "id": 150, "cheese": 400, "fraise": 40, "new": false, "customs": 3, "collector": true}, {"category": 0, "id": 149, "cheese": 300, "fraise": 40, "new": false, "customs": 2}, {"category": 0, "id": 148, "cheese": 800, "fraise": 80, "new": false, "customs": 4}, {"category": 0, "id": 147, "cheese": 250, "fraise": 40, "new": false, "customs": 2}, {"category": 0, "id": 146, "cheese": 250, "fraise": 40, "new": false, "customs": 2}, {"category": 0, "id": 145, "cheese": 600, "fraise": 50, "new": false, "customs": 3}, {"category": 0, "id": 144, "cheese": 800, "fraise": 80, "new": false, "customs": 4}, {"category": 0, "id": 143, "cheese": 300, "fraise": 40, "new": false, "customs": 2}, {"category": 0, "id": 142, "cheese": 500, "fraise": 40, "new": false, "customs": 2}, {"category": 0, "id": 141, "cheese": 800, "fraise": 80, "new": false, "customs": 4}, {"category": 0, "id": 140, "cheese": 1000, "fraise": 100, "new": false, "customs": 4}, {"category": 0, "id": 139, "cheese": 1200, "fraise": 120, "new": false, "customs": 2}, {"category": 0, "id": 138, "cheese": 3001, "fraise": 0, "new": false, "customs": 7}, {"category": 0, "id": 137, "cheese": 200, "fraise": 40, "new": false, "customs": 1}, {"category": 0, "id": 136, "cheese": 350, "fraise": 40, "new": false, "customs": 3}, {"category": 0, "id": 135, "cheese": 350, "fraise": 40, "new": false, "customs": 4}, {"category": 0, "id": 134, "cheese": 400, "fraise": 40, "new": false, "customs": 2}, {"category": 0, "id": 133, "cheese": 1200, "fraise": 100, "new": false, "customs": 9}, {"category": 0, "id": 132, "cheese": 1000, "fraise": 100, "new": false, "customs": 4}, {"category": 0, "id": 131, "cheese": 350, "fraise": 40, "new": false, "customs": 1}, {"category": 0, "id": 130, "cheese": 400, "fraise": 40, "new": false, "customs": 3}, {"category": 0, "id": 129, "cheese": 400, "fraise": 40, "new": false, "customs": 3}, {"category": 0, "id": 128, "cheese": 200, "fraise": 40, "new": false, "customs": 2}, {"category": 0, "id": 127, "cheese": 350, "fraise": 40, "new": false, "customs": 2}, {"category": 0, "id": 126, "cheese": 450, "fraise": 40, "new": false, "customs": 2}, {"category": 0, "id": 125, "cheese": 1600, "fraise": 100, "new": false, "customs": 5}, {"category": 0, "id": 124, "cheese": 500, "fraise": 50, "new": false, "customs": 8}, {"category": 0, "id": 123, "cheese": 2000, "fraise": 100, "new": false, "customs": 1}, {"category": 0, "id": 122, "cheese": 250, "fraise": 40, "new": false, "customs": 1}, {"category": 0, "id": 121, "cheese": 600, "fraise": 70, "new": false, "customs": 5}, {"category": 0, "id": 120, "cheese": 400, "fraise": 60, "new": false, "customs": 2}, {"category": 0, "id": 119, "cheese": 350, "fraise": 40, "new": false, "customs": 4}, {"category": 0, "id": 118, "cheese": 600, "fraise": 60, "new": false, "customs": 3}, {"category": 0, "id": 117, "cheese": 500, "fraise": 100, "new": false, "customs": 2}, {"category": 0, "id": 116, "cheese": 600, "fraise": 40, "new": false, "customs": 1}, {"category": 0, "id": 115, "cheese": 250, "fraise": 40, "new": false, "customs": 3}, {"category": 0, "id": 114, "cheese": 800, "fraise": 100, "new": false, "customs": 3}, {"category": 0, "id": 113, "cheese": 300, "fraise": 40, "new": false, "customs": 3}, {"category": 0, "id": 112, "cheese": 200, "fraise": 30, "new": false, "customs": 1}, {"category": 0, "id": 111, "cheese": 400, "fraise": 40, "new": false, "customs": 1}, {"category": 0, "id": 110, "cheese": 20, "fraise": 5, "new": false, "customs": 1}, {"category": 0, "id": 109, "cheese": 400, "fraise": 40, "new": false, "customs": 2}, {"category": 0, "id": 108, "cheese": 500, "fraise": 40, "new": false, "customs": 2}, {"category": 0, "id": 107, "cheese": 400, "fraise": 50, "new": false, "customs": 4}, {"category": 0, "id": 106, "cheese": 300, "fraise": 20, "new": false, "customs": 3}, {"category": 0, "id": 105, "cheese": 100, "fraise": 10, "new": false, "customs": 2}, {"category": 0, "id": 104, "cheese": 600, "fraise": 60, "new": false, "customs": 1}, {"category": 0, "id": 103, "cheese": 250, "fraise": 40, "new": false, "customs": 2}, {"category": 0, "id": 102, "cheese": 500, "fraise": 40, "new": false, "customs": 3}, {"category": 0, "id": 101, "cheese": 300, "fraise": 40, "new": false, "customs": 3}, {"category": 0, "id": 99, "cheese": 200, "fraise": 40, "new": false, "customs": 2}, {"category": 0, "id": 98, "cheese": 400, "fraise": 40, "new": false, "customs": 1}, {"category": 0, "id": 97, "cheese": 400, "fraise": 40, "new": false, "customs": 4}, {"category": 0, "id": 96, "cheese": 400, "fraise": 40, "new": false, "customs": 2}, {"category": 0, "id": 95, "cheese": 1000001, "fraise": 0, "new": false, "customs": 5, "purchasable": false}, {"category": 0, "id": 94, "cheese": 700, "fraise": 40, "new": false, "customs": 3}, {"category": 0, "id": 93, "cheese": 400, "fraise": 40, "new": false, "customs": 3}, {"category": 0, "id": 92, "cheese": 400, "fraise": 40, "new": false, "customs": 3}, {"category": 0, "id": 91, "cheese": 400, "fraise": 40, "new": false, "customs": 0}, {"category": 0, "id": 90, "cheese": 400, "fraise": 40, "new": false, "customs": 0}, {"category": 0, "id": 89, "cheese": 400, "fraise": 40, "new": false, "customs": 2}, {"category": 0, "id": 88, "cheese": 200, "fraise": 40, "new": false, "customs": 2}, {"category": 0, "id": 87, "cheese": 800, "fraise": 100, "new": false, "customs": 3}, {"category": 0, "id": 86, "cheese": 1000, "fraise": 100, "new": false, "customs": 4}, {"category": 0, "id": 85, "cheese": 300, "fraise": 40, "new": false, "customs": 2}, {"category": 0, "id": 84, "cheese": 400, "fraise": 40, "new": false, "customs": 0}, {"category": 0, "id": 83, "cheese": 300, "fraise": 40, "new": false, "customs": 3}, {"category": 0, "id": 82, "cheese": 300, "fraise": 40, "new": false, "customs": 1}, {"category": 0, "id": 81, "cheese": 450, "fraise": 40, "new": false, "customs": 1}, {"category": 0, "id": 80, "cheese": 500, "fraise": 50, "new": false, "customs": 1}, {"category": 0, "id": 79, "cheese": 250, "fraise": 40, "new": false, "customs": 2}, {"category": 0, "id": 78, "cheese": 300, "fraise": 40, "new": false, "customs": 3}, {"category": 0, "id": 77, "cheese": 250, "fraise": 40, "new": false, "customs": 3}, {"category": 0, "id": 76, "cheese": 200, "fraise": 40, "new": false, "customs": 1}, {"category": 0, "id": 75, "cheese": 50, "fraise": 10, "new": false, "customs": 2}, {"category": 0, "id": 74, "cheese": 150, "fraise": 40, "new": false, "customs": 2}, {"category": 0, "id": 73, "cheese": 200, "fraise": 40, "new": false, "customs": 2}, {"category": 0, "id": 72, "cheese": 200, "fraise": 40, "new": false, "customs": 3}, {"category": 0, "id": 71, "cheese": 200, "fraise": 40, "new": false, "customs": 2}, {"category": 0, "id": 70, "cheese": 200, "fraise": 40, "new": false, "customs": 4}, {"category": 0, "id": 69, "cheese": 200, "fraise": 40, "new": false, "customs": 6}, {"category": 0, "id": 68, "cheese": 200, "fraise": 40, "new": false, "customs": 7}, {"category": 0, "id": 67, "cheese": 400, "fraise": 40, "new": false, "customs": 1}, {"category": 0, "id": 66, "cheese": 300, "fraise": 40, "new": false, "customs": 2}, {"category": 0, "id": 65, "cheese": 200, "fraise": 40, "new": false, "customs": 2}, {"category": 0, "id": 64, "cheese": 300, "fraise": 40, "new": false, "customs": 2}, {"category": 0, "id": 63, "cheese": 350, "fraise": 0, "new": false, "customs": 1}, {"category": 0, "id": 62, "cheese": 300, "fraise": 40, "new": false, "customs": 2}, {"category": 0, "id": 61, "cheese": 200, "fraise": 40, "new": false, "customs": 1}, {"category": 0, "id": 60, "cheese": 400, "fraise": 40, "new": false, "customs": 0}, {"category": 0, "id": 59, "cheese": 300, "fraise": 60, "new": false, "customs": 1}, {"category": 0, "id": 58, "cheese": 400, "fraise": 40, "new": false, "customs": 0}, {"category": 0, "id": 57, "cheese": 400, "fraise": 40, "new": false, "customs": 1}, {"category": 0, "id": 56, "cheese": 400, "fraise": 40, "new": false, "customs": 4}, {"category": 0, "id": 55, "cheese": 100, "fraise": 10, "new": false, "customs": 1}, {"category": 0, "id": 54, "cheese": 50, "fraise": 5, "new": false, "customs": 2}, {"category": 0, "id": 53, "cheese": 400, "fraise": 40, "new": false, "customs": 3}, {"category": 0, "id": 52, "cheese": 400, "fraise": 40, "new": false, "customs": 4}, {"category": 0, "id": 51, "cheese": 200, "fraise": 40, "new": false, "customs": 1}, {"category": 0, "id": 50, "cheese": 400, "fraise": 50, "new": false, "customs": 1}, {"category": 0, "id": 49, "cheese": 500, "fraise": 50, "new": false, "customs": 3}, {"category": 0, "id": 48, "cheese": 300, "fraise": 50, "new": false, "customs": 2}, {"category": 0, "id": 47, "cheese": 1500, "fraise": 150, "new": false, "customs": 4}, {"category": 0, "id": 46, "cheese": 100, "fraise": 10, "new": false, "customs": 2}, {"category": 0, "id": 45, "cheese": 300, "fraise": 50, "new": false, "customs": 1}, {"category": 0, "id": 44, "cheese": 250, "fraise": 40, "new": false, "customs": 3}, {"category": 0, "id": 43, "cheese": 200, "fraise": 40, "new": false, "customs": 1}, {"category": 0, "id": 42, "cheese": 500, "fraise": 50, "new": false, "customs": 2}, {"category": 0, "id": 41, "cheese": 600, "fraise": 60, "new": false, "customs": 1}, {"category": 0, "id": 40, "cheese": 800, "fraise": 100, "new": false, "customs": 2}, {"category": 0, "id": 39, "cheese": 400, "fraise": 40, "new": false, "customs": 2}, {"category": 0, "id": 38, "cheese": 800, "fraise": 80, "new": false, "customs": 3}, {"category": 0, "id": 37, "cheese": 200, "fraise": 40, "new": false, "customs": 1}, {"category": 0, "id": 36, "cheese": 500, "fraise": 60, "new": false, "customs": 2}, {"category": 0, "id": 35, "cheese": 1000, "fraise": 100, "new": false, "customs": 1}, {"category": 0, "id": 34, "cheese": 400, "fraise": 50, "new": false, "customs": 2}, {"category": 0, "id": 33, "cheese": 150, "fraise": 25, "new": false, "customs": 2}, {"category": 0, "id": 32, "cheese": 800, "fraise": 70, "new": false, "customs": 1}, {"category": 0, "id": 31, "cheese": 300, "fraise": 40, "new": false, "customs": 1}, {"category": 0, "id": 30, "cheese": 200, "fraise": 40, "new": false, "customs": 1}, {"category": 0, "id": 29, "cheese": 500, "fraise": 50, "new": false, "customs": 3}, {"category": 0, "id": 28, "cheese": 300, "fraise": 45, "new": false, "customs": 2}, {"category": 0, "id": 27, "cheese": 800, "fraise": 0, "new": false, "customs": 2}, {"category": 0, "id": 26, "cheese": 300, "fraise": 40, "new": false, "customs": 1}, {"category": 0, "id": 25, "cheese": 250, "fraise": 40, "new": false, "customs": 1}, {"category": 0, "id": 24, "cheese": 50, "fraise": 10, "new": false, "customs": 1}, {"category": 0, "id": 23, "cheese": 400, "fraise": 50, "new": false, "customs": 3}, {"category": 0, "id": 22, "cheese": 300, "fraise": 45, "new": false, "customs": 1}, {"category": 0, "id": 21, "cheese": 20, "fraise": 5, "new": false, "customs": 2}, {"category": 0, "id": 20, "cheese": 500, "fraise": 40, "new": false, "customs": 2}, {"category": 0, "id": 19, "cheese": 300, "fraise": 45, "new": false, "customs": 2}, {"category": 0, "id": 18, "cheese": 300, "fraise": 45, "new": false, "customs": 1}, {"category": 0, "id": 17, "cheese": 200, "fraise": 40, "new": false, "customs": 3}, {"category": 0, "id": 16, "cheese": 300, "fraise": 40, "new": false, "customs": 2}, {"category": 0, "id": 15, "cheese": 200, "fraise": 40, "new": false, "customs": 1}, {"category": 0, "id": 14, "cheese": 300, "fraise": 45, "new": false, "customs": 3}, {"category": 0, "id": 13, "cheese": 500, "fraise": 60, "new": false, "customs": 1}, {"category": 0, "id": 12, "cheese": 200, "fraise": 40, "new": false, "customs": 1}, {"category": 0, "id": 11, "cheese": 500, "fraise": 60, "new": false, "customs": 1}, {"category": 0, "id": 10, "cheese": 100, "fraise": 40, "new": false, "customs": 1}, {"category": 0, "id": 9, "cheese": 500, "fraise": 60, "new": false, "customs": 4}, {"category": 0, "id": 8, "cheese": 300, "fraise": 40, "new": false, "customs": 1}, {"category": 0, "id": 7, "cheese": 200, "fraise": 40, "new": false, "customs": 1}, {"category": 0, "id": 6, "cheese": 500, "fraise": 60, "new": false, "customs": 2}, {"category": 0, "id": 5, "cheese": 100, "fraise": 20, "new": false, "customs": 2}, {"category": 0, "id": 4, "cheese": 200, "fraise": 40, "new": false, "customs": 1}, {"category": 0, "id": 3, "cheese": 20, "fraise": 0, "new": false, "customs": 1}, {"category": 0, "id": 2, "cheese": 200, "fraise": 40, "new": false, "customs": 1}, {"category": 0, "id": 1, "cheese": 500, "fraise": 50, "new": false, "customs": 2}], "shamanItems": [{"id": 101, "cheese": 1500, "fraise": 50, "customs": 5, "flag": 0}, {"id": 102, "cheese": 1500, "fraise": 50, "customs": 7, "flag": 0}, {"id": 103, "cheese": 1500, "fraise": 50, "customs": 3, "flag": 0}, {"id": 104, "cheese": 1500, "fraise": 50, "customs": 4, "flag": 0}, {"id": 105, "cheese": 1500, "fraise": 50, "customs": 5, "flag": 0}, {"id": 106, "cheese": 1500, "fraise": 50, "customs": 9, "flag": 0}, {"id": 107, "cheese": 1500, "fraise": 50, "customs": 2, "flag": 0}, {"id": 108, "cheese": 1500, "fraise": 50, "customs": 3, "flag": 0}, {"id": 109, "cheese": 1800, "fraise": 70, "customs": 9, "flag": 13}, {"id": 110, "cheese": 1500, "fraise": 50, "customs": 3, "flag": 13}, {"id": 111, "cheese": 1500, "fraise": 50, "customs": 2, "flag": 13}, {"id": 112, "cheese": 1600, "fraise": 60, "customs": 5, "flag": 13}, {"id": 113, "cheese": 1500, "fraise": 50, "customs": 2, "flag": 13}, {"id": 114, "cheese": 1500, "fraise": 50, "customs": 5, "flag": 13}, {"id": 201, "cheese": 3000, "fraise": 100, "customs": 5, "flag": 0}, {"id": 202, "cheese": 3000, "fraise": 100, "customs": 6, "flag": 0}, {"id": 203, "cheese": 3000, "fraise": 100, "customs": 3, "flag": 0}, {"id": 204, "cheese": 3000, "fraise": 100, "customs": 3, "flag": 0}, {"id": 205, "cheese": 3000, "fraise": 100, "customs": 4, "flag": 0}, {"id": 206, "cheese": 3000, "fraise": 100, "customs": 4, "flag": 0}, {"id": 207, "cheese": 3000, "fraise": 100, "customs": 4, "flag": 0}, {"id": 208, "cheese": 3000, "fraise": 100, "customs": 5, "flag": 0}, {"id": 209, "cheese": 3000, "fraise": 100, "customs": 4, "flag": 0}, {"id": 210, "cheese": 3000, "fraise": 100, "customs": 4, "flag": 0}, {"id": 211, "cheese": 3000, "fraise": 100, "customs": 3, "flag": 0}, {"id": 212, "cheese": 3600, "fraise": 140, "customs": 9, "flag": 13}, {"id": 213, "cheese": 3000, "fraise": 100, "customs": 3, "flag": 13}, {"id": 214, "cheese": 3000, "fraise": 100, "customs": 2, "flag": 13}, {"id": 215, "cheese": 3200, "fraise": 110, "customs": 4, "flag": 13}, {"id": 216, "cheese": 3000, "fraise": 100, "customs": 2, "flag": 13}, {"id": 217, "cheese": 3000, "fraise": 100, "customs": 5, "flag": 13}, {"id": 301, "cheese": 3000, "fraise": 100, "customs": 6, "flag": 0}, {"id": 302, "cheese": 3000, "fraise": 100, "customs": 6, "flag": 0}, {"id": 303, "cheese": 1500, "fraise": 50, "customs": 1, "flag": 0}, {"id": 304, "cheese": 1500, "fraise": 50, "customs": 4, "flag": 0}, {"id": 305, "cheese": 1500, "fraise": 50, "customs": 8, "flag": 0}, {"id": 306, "cheese": 1500, "fraise": 50, "customs": 3, "flag": 0}, {"id": 307, "cheese": 1500, "fraise": 50, "customs": 3, "flag": 0}, {"id": 308, "cheese": 1500, "fraise": 50, "customs": 2, "flag": 0}, {"id": 309, "cheese": 1800, "fraise": 70, "customs": 9, "flag": 13}, {"id": 310, "cheese": 1500, "fraise": 50, "customs": 2, "flag": 13}, {"id": 311, "cheese": 1500, "fraise": 50, "customs": 2, "flag": 13}, {"id": 312, "cheese": 1500, "fraise": 50, "customs": 2, "flag": 13}, {"id": 401, "cheese": 3000, "fraise": 100, "customs": 4, "flag": 0}, {"id": 402, "cheese": 3000, "fraise": 100, "customs": 5, "flag": 0}, {"id": 403, "cheese": 3000, "fraise": 100, "customs": 4, "flag": 0}, {"id": 404, "cheese": 1500, "fraise": 50, "customs": 1, "flag": 0}, {"id": 405, "cheese": 3000, "fraise": 100, "customs": 4, "flag": 0}, {"id": 406, "cheese": 3000, "fraise": 100, "customs": 4, "flag": 0}, {"id": 407, "cheese": 3000, "fraise": 100, "customs": 8, "flag": 0}, {"id": 408, "cheese": 3000, "fraise": 100, "customs": 3, "flag": 0}, {"id": 409, "cheese": 3000, "fraise": 100, "customs": 3, "flag": 0}, {"id": 410, "cheese": 3000, "fraise": 100, "customs": 2, "flag": 0}, {"id": 411, "cheese": 3300, "fraise": 130, "customs": 9, "flag": 13}, {"id": 412, "cheese": 3000, "fraise": 100, "customs": 2, "flag": 13}, {"id": 413, "cheese": 3000, "fraise": 100, "customs": 2, "flag": 13}, {"id": 414, "cheese": 3000, "fraise": 100, "customs": 2, "flag": 13}, {"id": 601, "cheese": 1500, "fraise": 50, "customs": 5, "flag": 0}, {"id": 602, "cheese": 1500, "fraise": 50, "customs": 2, "flag": 0}, {"id": 603, "cheese": 1500, "fraise": 50, "customs": 1, "flag": 0}, {"id": 604, "cheese": 1500, "fraise": 50, "customs": 10, "flag": 0}, {"id": 605, "cheese": 1500, "fraise": 50, "customs": 3, "flag": 0}, {"id": 606, "cheese": 1500, "fraise": 50, "customs": 5, "flag": 13}, {"id": 607, "cheese": 1500, "fraise": 50, "customs": 4, "flag": 13}, {"id": 608, "cheese": 1500, "fraise": 50, "customs": 2, "flag": 13}, {"id": 609, "cheese": 1500, "fraise": 50, "customs": 3, "flag": 13}, {"id": 610, "cheese": 1500, "fraise": 50, "customs": 3, "flag": 13}, {"id": 611, "cheese": 1500, "fraise": 50, "customs": 2, "flag": 13}, {"id": 612, "cheese": 1500, "fraise": 50, "customs": 1, "flag": 13}, {"id": 613, "cheese": 1500, "fraise": 50, "customs": 4, "flag": 13}, {"id": 614, "cheese": 1500, "fraise": 50, "customs": 4, "flag": 0}, {"id": 701, "cheese": 200, "fraise": 10, "customs": 4, "flag": 0}, {"id": 1002, "cheese": 2000, "fraise": 50, "customs": 2, "flag": 0}, {"id": 1003, "cheese": 1500, "fraise": 50, "customs": 5, "flag": 0}, {"id": 1004, "cheese": 1000, "fraise": 40, "customs": 1, "flag": 0}, {"id": 1005, "cheese": 1000, "fraise": 40, "customs": 1, "flag": 0}, {"id": 1701, "cheese": 3000, "fraise": 100, "customs": 2, "flag": 0}, {"id": 1702, "cheese": 3000, "fraise": 100, "customs": 5, "flag": 0}, {"id": 1703, "cheese": 3000, "fraise": 100, "customs": 3, "flag": 0}, {"id": 1704, "cheese": 3500, "fraise": 150, "customs": 6, "flag": 0}, {"id": 1705, "cheese": 3000, "fraise": 100, "customs": 4, "flag": 0}, {"id": 1706, "cheese": 3000, "fraise": 100, "customs": 3, "flag": 0}, {"id": 1707, "cheese": 3000, "fraise": 100, "customs": 2, "flag": 13}, {"id": 1708, "cheese": 3000, "fraise": 100, "customs": 2, "flag": 13}, {"id": 1709, "cheese": 3000, "fraise": 100, "customs": 2, "flag": 13}, {"id": 1710, "cheese": 3000, "fraise": 100, "customs": 3, "flag": 13}, {"id": 1711, "cheese": 3000, "fraise": 100, "customs": 2, "flag": 13}, {"id": 2801, "cheese": 3000, "fraise": 100, "customs": 2, "flag": 0}, {"id": 2802, "cheese": 3000, "fraise": 100, "customs": 1, "flag": 0}, {"id": 2803, "cheese": 3000, "fraise": 100, "customs": 2, "flag": 0}, {"id": 2804, "cheese": 3000, "fraise": 100, "customs": 9, "flag": 0}, {"id": 2805, "cheese": 3000, "fraise": 100, "customs": 5, "flag": 0}, {"id": 2806, "cheese": 3000, "fraise": 100, "customs": 2, "flag": 0}, {"id": 2807, "cheese": 3000, "fraise": 100, "customs": 3, "flag": 0}, {"id": 2808, "cheese": 3000, "fraise": 100, "customs": 7, "flag": 0}, {"id": 2809, "cheese": 3000, "fraise": 100, "customs": 1, "flag": 0}, {"id": 2810, "cheese": 3000, "fraise": 100, "customs": 4, "flag": 0}, {"id": 2811, "cheese": 3000, "fraise": 100, "customs": 4, "flag": 0}, {"id": 2812, "cheese": 3000, "fraise": 100, "customs": 3, "flag": 0}, {"id": 2813, "cheese": 1500, "fraise": 50, "customs": 2, "flag": 0}, {"id": 2814, "cheese": 1500, "fraise": 50, "customs": 1, "flag": 0}, {"id": 2815, "cheese": 1500, "fraise": 50, "customs": 2, "flag": 0}, {"id": 2816, "cheese": 1500, "fraise": 50, "customs": 2, "flag": 13}, {"id": 2817, "cheese": 1500, "fraise": 50, "customs": 3, "flag": 13}, {"id": 2818, "cheese": 3000, "fraise": 100, "customs": 5, "flag": 13}, {"id": 2819, "cheese": 1500, "fraise": 50, "customs": 7, "flag": 13}, {"id": 2820, "cheese": 3000, "fraise": 100, "customs": 3, "flag": 13}, {"id": 2821, "cheese": 3000, "fraise": 100, "customs": 1, "flag": 13, "new": true}], "fullLooks": [{"id": 411, "look": "110;187_ae785c+8c71a0+c18199+fff5e7,9_0,53_e3e3e3+d070b6+b15c7c+b370c4,66_bd8b9e,22_974866+cb7293+a26090+ca9bd7+99629a+e3e3e3+b15c7c+b15c7c,38_a46d52+7f513b+764329+5f341e+8e573d,0,26,0", "bg": 0, "customs": {"free": ["0", "bd8b9e"], "no": [6, 7, 6]}}, {"id": 412, "look": "64;187_3d362d+3e453d+1f160f+73533b,36_252121+95b6c9,0,0,40_3e453d+3e453d+3e453d+3e453d+3e453d+2d332d,0,0,20,0", "bg": 0, "customs": {"free": [], "no": [2, 2, 2, 2, 7, 2]}}]}