[
{
    "name": "Pufferfish",
    "id": 1
},
{
    "name": "Blue fireworks",
    "id": 2
},
{
    "name": "Pink fireworks",
    "id": 3
},
{
    "name": "Spray paint",
    "id": 4
},
{
    "name": "Ball",
    "id": 5
},
{
    "name": "Snowball",
    "id": 6
},
{
    "name": "Fortune cookie",
    "id": 7
},
{
    "name": "Jack-o'-lantern",
    "id": 8
},
{
    "name": "Skeleton",
    "id": 9
},
{
    "name": "Mistletoe",
    "id": 10
},
{
    "name": "Tombstone",
    "id": 11
},
{
    "name": "Vampire",
    "id": 12
},
{
    "name": "Christmas tree",
    "id": 13
},
{
    "name": "Snow",
    "id": 14
},
{
    "name": "Snowmouse",
    "id": 15
},
{
    "name": "Snowflake fireworks",
    "id": 16
},
{
    "name": "Penguin",
    "id": 17
},
{
    "name": "Easter bunny",
    "id": 18
},
{
    "name": "Milk cartoon",
    "id": 19
},
{
    "name": "Chicken",
    "id": 20
},
{
    "name": "Selfie stick",
    "id": 21
},
{
    "name": "Indiana Mouse",
    "id": 22
},
{
    "name": "Yellow fireworks",
    "id": 23
},
{
    "name": "Fish",
    "id": 24
},
{
    "name": "Paper plane",
    "id": 25
},
{
    "name": "Paper ball",
    "id": 26
},
{
    "name": "Pumpkin",
    "id": 27
},
{
    "name": "Bonfire",
    "id": 28
},
{
    "name": "Pumpkin postcard",
    "id": 29
},
{
    "name": "Christmas postcard",
    "id": 30
},
{
    "name": "Reindeer",
    "id": 31
},
{
    "name": "Zodiac Sign",
    "id": 32
},
{
    "name": "Party Blower",
    "id": 33
},
{
    "name": "Mouse Angel",
    "id": 34
},
{
    "name": "Hot air balloon",
    "id": 35
},
{
    "name": "Black-and-white cat",
    "id": 407
},
{
    "name": "Cheese",
    "id": 800
},
{
    "name": "Strawberry",
    "id": 801
},
{
    "name": "Rainbow trail",
    "id": 2232
},
{
    "name": "Jigglypuff's microphone",
    "id": 2234
},
{
    "name": "Shop cheese counter",
    "id": 2239
},
{
    "name": "Dragon",
    "id": 2240
},
{
    "name": "Valentine's Day postcard",
    "id": 2241
},
{
    "name": "Festive dance",
    "id": 2246
},
{
    "name": "Frog",
    "id": 2247
},
{
    "name": "Energy orb",
    "id": 2250
},
{
    "name": "Elisah",
    "id": 2251
},
{
    "name": "Green paintbrush",
    "id": 2252
},
{
    "name": "Feather",
    "id": 2253
},
{
    "name": "Checkered flag",
    "id": 2254
},
{
    "name": "Dice",
    "id": 2256
},
{
    "name": "Golden/adventure ticket",
    "id": 2257
},
{
    "name": "T. Rex",
    "id": 2258
},
{
    "name": "Playtime counter",
    "id": 2259
},
{
    "name": "Cannonball",
    "id": 2260
},
{
    "name": "Military plaque",
    "id": 2261
},
{
    "name": "Parrot",
    "id": 2262
},
{
    "name": "Daisy",
    "id": 2308
},
{
    "name": "Garden postcard",
    "id": 2330
},
{
    "name": "Blue-tongued lizard",
    "id": 2332
},
{
    "name": "Ghost",
    "id": 2340
},
{
    "name": "Strawberry fragment",
    "id": 2343
},
{
    "name": "Rose petals",
    "id": 2346
},
{
    "name": "Blue paintbrush",
    "id": 2349
},
{
    "name": "Saint Patrick's Day postcard",
    "id": 2351
},
{
    "name": "Leaves",
    "id": 2378
},
{
    "name": "Orange paintbrush",
    "id": 2379
},
{
    "name": "Bat",
    "id": 2437
},
{
    "name": "Reindeer",
    "id": 2439
},
{
    "name": "Cupid",
    "id": 2444
},
{
    "name": "Beetle / ladybug",
    "id": 2448
}
]