{
"Tokens": {
"Login" : 51,
"Login Start" : 69,
"Login Account" : 33,
"Open Room" : 78,
 
"Old Protocol" : 14,
 
"Mulodrome" : 16,
"Mulodrome Close" : 70,
"Mulodrome Select" : 19,
"Mulodrome Remove" : 37,
"Cafe Open" : 16,
"Cafe Reload" : 34,
"Cafe Select" : 56,
"Cafe Points" : 107,
"Cafe Comments" : 85,
"Cafe Topic" : 76,
 
"Inventari" : 97,
"Inventari Placement" : 14,
"TRADE Open" : 14,
"TRADE Object" : 14,
"TRADE Send" : 14,
"TRADE Cancel" : 14,
 
"Tribulle Start" : 72,
 
"Mpwet" : 92,
"Mpwet Open" : 1,
"Mpwet Remove" : 57,
"Mpwet Watch" : 71,
"Mpwet Ban" : 92,
"Mpwet Langue" : 51,
"Mpwet Chatlog" : 79,
 
"Player" : 75,
"Player Sit" : 28,
"Player Mobile" : 101,
"Player Position" : 75,
"Player Death" : 53,
 
"Client" : 53,
"Client Cheese" : 3,
"Client Hole" : 59,
"Client Points" : 92,
"Client Commands" : 8,
"Client Music Send" : 31,
"Client Music Time" : 18,
"Client Music List" : 29,
 
"Client Speed" : 0,
"Client Convert" : 10,
"Client Remove": 19,
"Client Roompass" : 22,
"Client Icecube" : 88,
"Client Remove Anchor": 0,
"Client ItemFolha" : 51,
"Client Remove Gravidade" : 21,
"Client Reparador" : 0,
"Client SelectObject" : 41,
 
"Chat" : 108,
"Chat Team" : 69,
 
"Send Report" : 92,
"Send Langue" : 1,
"Send Smilies" : 53,
"Send Redistribution" : 2,
"Send Points" : 88,
"Send Fly" : 19,
"Send Transform" : 14,
"Send Meep" : 22,
 
"Tribe House" :  67,
"Buy Fraises" : [25, 35],
 
"Shop" : 41,
"Shop Open" : 19,
"Shop Buy Item" : 3,
"Shop Equip Item" : 59,
"Shop Custom" : 88,
"Shop Buy Shaman" : 57,
"Shop Equip Shaman" : 71,
"Shop Custom Shaman" : 51,
"Shop Custom Buy Shaman" : 92,
"Shop Buy Look" : 2,
"Shop Save Look" : 33,
"Shop Equip Look" : 108,
"Shop Present" : 41,
"Shop Present Message" : 0,
 
"Game" : 64,
"Game Hardmode" : 35,
"Game Hardcolor" : 59,
"Game E-mail" : 34,
"Game E-code" : 25,
"Game E-pass" : 25,
"Game Re-Code" : 67,
"Game Stats" : 37,
"Game Log" : 75,
 
"Transformation" : [79, 62],
 
"Lua" : 21,
"Lua Event" : 88,
"Lua Key" : 1,
"Lua GameMode" : 0
},
"Options" : {
"TFM Color" : ["00cffe", "FFFB00"],
   "TFM Name" : ["Kosh", "TFM"],
   "TFM Verbose" : 1,
   "TFM Source" : "Kosh",
   "TFM Version" : "1.237",
   "TFM Ckey" : "pzqrbdr",
   "TFM Vkey" : "34.122",
"TFM Ports" : [443, 44440, 44444, 5555, 3724, 6112]
}
}