<C><P Ca="" d="x_transformice/x_maps/x_peche2014/x_temple2.png" D="x_transformice/x_maps/x_peche2014/x_temple.jpg" /><Z><S><S m="" P="0,0,0.3,0.2,0,0,0,0" L="10" o="12bd94" X="-5" H="400" Y="200" T="12" /><S m="" P="0,0,0.3,0.2,0,0,0,0" L="100" o="12bd94" X="132" H="10" Y="93" T="12" /><S m="" P="0,0,0.5,0.2,0,0,0,0" L="400" o="12bd94" X="566" H="10" Y="395" T="12" /><S m="" P="0,0,0.5,0.2,0,0,0,0" L="100" o="12bd94" X="538" H="10" Y="108" T="12" /><S m="" P="0,0,0.5,0.2,5,0,0,0" L="100" o="12bd94" X="685" H="10" Y="115" T="12" /><S m="" P="0,0,0.5,0.2,10,0,0,0" L="50" o="12bd94" X="621" H="10" Y="106" T="12" /><S m="" P="0,0,0.5,0.2,-10,0,0,0" L="50" o="12bd94" X="578" H="10" Y="105" T="12" /><S m="" P="0,0,0.3,0.2,0,0,0,0" L="10" o="12bd94" X="806" H="400" Y="200" T="12" /><S m="" P="0,0,0,0.2,40,0,0,0" L="200" o="12bd94" X="62" H="10" Y="153" T="12" /><S m="" P="0,0,0.5,0.2,-10,0,0,0" L="50" o="12bd94" X="201" H="10" Y="90" T="12" /><S m="" P="0,0,0.5,0.2,-110,0,0,0" L="100" o="12bd94" X="725" H="10" Y="351" T="12" /><S m="" P="0,0,0.5,0.2,-10,0,0,0" L="50" o="12bd94" X="415" H="10" Y="98" T="12" /><S m="" P="0,0,0.5,0.2,0,0,0,0" L="100" o="12bd94" X="271" H="10" Y="96" T="12" /><S m="" P="0,0,0.5,0.2,5,0,0,0" L="100" o="12bd94" X="369" H="10" Y="101" T="12" /><S m="" P="0,0,0.5,0.2,10,0,0,0" L="50" o="12bd94" X="461" H="10" Y="99" T="12" /><S m="" P="0,0,0.3,0.2,-40,0,0,0" L="100" o="12bd94" X="764" H="10" Y="89" T="12" /><S m="" P="0,0,0,0.2,44,0,0,0" L="100" o="12bd94" X="172" H="10" Y="250" T="12" /><S m="" P="0,0,0,0.2,34,0,0,0" L="100" o="12bd94" X="245" H="10" Y="310" T="12" /><S m="" P="0,0,0,0.2,34,0,0,0" L="100" o="12bd94" X="326" H="10" Y="366" T="12" /><S m="" P="0,0,0.5,0.2,0,0,0,0" L="40" o="12bd94" X="235" H="10" Y="55" T="12" /><S m="" P="0,0,0.5,0.2,-70,0,0,0" L="40" o="12bd94" X="215" H="10" Y="74" T="12" /><S m="" P="0,0,0.5,0.2,-110,0,0,0" L="40" o="12bd94" X="255" H="10" Y="75" T="12" /></S><D><DS Y="73" X="134" /></D><O /></Z></C>