<C><P Ca="" d="x_transformice/x_maps/x_peche2014/x_nuages2.png" D="x_transformice/x_maps/x_peche2014/x_nuages.jpg" /><Z><S><S m="" P="0,0,0.3,0.2,0,0,0,0" L="10" o="12bd94" X="-5" H="400" Y="200" T="12" /><S m="" P="0,0,0.3,0.2,30,0,0,0" L="100" o="12bd94" X="19" H="10" Y="108" T="12" /><S m="" P="0,0,0.5,0.2,0,0,0,0" L="80" o="12bd94" X="62" H="10" Y="134" T="12" /><S m="" P="0,0,0.5,0.2,40,0,0,0" L="80" o="12bd94" X="118" H="10" Y="157" T="12" /><S m="" P="0,0,0.5,0.2,30,0,0,0" L="80" o="12bd94" X="178" H="10" Y="201" T="12" /><S m="" P="0,0,0.5,0.2,30,0,0,0" L="80" o="12bd94" X="243" H="10" Y="240" T="12" /><S m="" P="0,0,0.5,0.2,0,0,0,0" L="100" o="12bd94" X="360" H="10" Y="224" T="12" /><S m="" P="0,0,0.5,0.2,-20,0,0,0" L="100" o="12bd94" X="531" H="10" Y="194" T="12" /><S m="" P="0,0,0.5,0.2,-10,0,0,0" L="100" o="12bd94" X="443" H="10" Y="216" T="12" /><S m="" P="0,0,0.5,0.2,-15,0,0,0" L="100" o="12bd94" X="623" H="10" Y="164" T="12" /><S m="" P="0,0,0.5,0.2,-40,0,0,0" L="50" o="12bd94" X="730" H="10" Y="137" T="12" /><S m="" P="0,0,0.5,0.2,0,0,0,0" L="50" o="12bd94" X="773" H="10" Y="120" T="12" /><S m="" P="0,0,0.3,0.2,0,0,0,0" L="10" o="12bd94" X="806" H="400" Y="200" T="12" /><S m="" P="0,0,0.5,0.2,10,0,0,0" L="100" o="12bd94" X="323" H="10" Y="268" T="12" /><S m="" P="0,0,0.5,0.2,0,0,0,0" L="50" o="12bd94" X="395" H="10" Y="276" T="12" /><S m="" P="0,0,0.5,0.2,0,0,0,0" L="50" o="12bd94" X="692" H="10" Y="152" T="12" /><S m="" P="0,0,0.5,0.2,0,0,0,0" L="100" o="12bd94" X="627" H="10" Y="378" T="12" /><S m="" P="0,0,0.5,0.2,0,0,0,0" L="150" o="12bd94" X="732" H="10" Y="395" T="12" /><S m="" P="0,0,0.5,0.2,0,0,0,0" L="50" o="12bd94" X="441" H="10" Y="286" T="12" /><S m="" P="0,0,0.5,0.2,0,0,0,0" L="50" o="12bd94" X="480" H="10" Y="298" T="12" /><S m="" P="0,0,0.5,0.2,0,0,0,0" L="50" o="12bd94" X="510" H="10" Y="319" T="12" /><S m="" P="0,0,0.5,0.2,0,0,0,0" L="50" o="12bd94" X="543" H="10" Y="339" T="12" /><S m="" P="0,0,0.5,0.2,0,0,0,0" L="50" o="12bd94" X="579" H="10" Y="358" T="12" /></S><D><DS Y="358" X="636" /></D><O /></Z></C>