<C><P d="x_transformice/x_evt/x_evt_25/abwnpzec/overlay.png" L="4000" H="800" Ca="" D="x_transformice/x_evt/x_evt_25/abwnpzec/map-poudlard.jpg,0,0" mc="" /><Z><S><S m="" P="0,0,0.3,0.2,0,0,0,0" L="42" X="951" H="50" Y="307" T="5" /><S m="" P="0,0,0.3,0.2,0,0,0,0" L="79" X="904" H="130" Y="651" T="6" /><S m="" P="0,0,0.3,0.2,0,0,0,0" L="146" X="716" H="57" Y="687" T="6" /><S m="" P="0,0,,,,0,0,0" L="1500" X="750" H="100" Y="750" T="9" /><S m="" P="0,0,0.3,0.2,-35,0,0,0" L="48" X="211" H="14" Y="688" T="5" /><S m="" P="0,0,0.3,0.2,0,0,0,0" L="44" X="207" H="14" Y="703" T="5" /><S m="" P="0,0,0.3,0.2,0,0,0,0" L="70" X="3547" H="20" Y="520" T="5" /><S m="" P="0,0,0.3,0.2,0,0,0,0" L="42" X="868" H="100" Y="329" T="5" /><S m="" P="0,0,0.3,0.2,90,0,0,0" L="200" X="3305" H="30" Y="275" T="5" /><S m="" P="0,0,0.3,0.2,0,0,0,0" L="600" X="3681" H="25" Y="392" T="5" /><S m="" P="0,0,0.3,0.2,0,0,0,0" L="606" X="3593" H="32" Y="169" T="5" /><S m="" P="0,0,0.3,0.2,0,0,0,0" L="48" X="4005" H="384" Y="213" T="5" /><S m="" P="0,0,0.3,0.2,0,0,0,0" L="45" H="145" X="734" Y="375" T="5" /><S m="" P="0,0,0.3,0.2,0,0,0,0" L="45" X="779" H="122" Y="366" T="5" /><S m="" P="0,0,0.3,0.2,0,0,0,0" L="42" H="80" X="909" Y="316" T="5" /><S m="" P="0,0,0.3,0.2,0,0,0,0" L="45" H="110" X="824" Y="346" T="5" /><S m="" P="0,0,0.3,0.2,-30,0,0,0" L="360" H="22" X="855" Y="385" T="5" /><S m="" P="0,0,0.3,0.2,0,0,0,0" L="24" X="700" H="60" Y="325" T="5" /><S m="" P="0,0,0,0.2,0,0,0,0" L="24" X="700" H="130" Y="405" T="1" /><S m="" P="0,0,0.3,0.2,0,0,0,0" L="334" X="855" H="44" Y="286" T="6" /><S m="" P="0,0,0.3,0.2,0,0,0,0" L="36" H="42" X="517" Y="690" T="5" /><S m="" P="0,0,0.3,0.2,0,0,0,0" L="150" X="302" H="40" Y="689" T="5" /><S m="" P="0,0,0.3,0,0,0,0,0" L="73" X="1503" H="100" Y="636" T="10" /><S m="" P="0,0,0.3,0,0,0,0,0" L="59" X="1439" H="24" Y="596" T="10" /><S m="" P="0,0,0.3,0,0,0,0,0" L="151" H="80" X="3035" Y="672" T="10" /><S m="" P="0,0,0.3,0,0,0,0,0" L="10" H="80" X="2960" Y="164" T="10" /><S m="" P="0,0,0,0.2,0,0,0,0" L="10" X="2457" H="492" Y="374" T="1" /><S m="" P="0,0,0.3,0,0,0,0,0" L="155" H="10" X="2541" Y="194" T="10" /><S m="" P="0,0,0.3,0,50,0,0,0" L="10" H="50" X="2474" Y="116" T="10" /><S m="" P="0,0,0.3,0,20,0,0,0" L="150" H="10" X="2979" Y="481" T="10" /><S m="" P="0,0,0.3,0,120,0,0,0" L="10" X="2712" H="55" Y="114" T="10" /><S m="" P="0,0,0.3,0,0,0,0,0" L="250" X="2861" H="10" Y="128" T="10" /><S m="" P="0,0,0.3,0,0,0,0,0" L="100" X="2961" H="10" Y="453" T="10" /><S m="" P="0,0,0.3,0,0,0,0,0" L="155" H="10" X="2985" Y="452" T="10" /><S m="" P="0,0,0.3,0,0,0,0,0" L="41" H="154" X="3055" Y="302" T="10" /><S m="" P="0,0,0,0.2,0,0,0,0" L="26" H="400" X="3994" Y="601" T="1" /><S m="" P="0,0,0,0.2,0,0,0,0" L="162" H="22" X="3615" Y="704" T="1" /><S m="" P="0,0,,,,0,0,0" L="1504" X="3248" H="100" Y="751" T="9" /><S m="" P="0,0,0.3,0.2,0,0,0,0" L="18" X="3390" H="100" Y="444" T="5" /><S m="" P="0,0,0.3,0,0,0,0,0" L="41" X="3056" H="185" Y="539" T="10" /><S m="" P="0,0,0.3,0.2,25,0,0,0" L="140" X="3139" H="10" Y="483" T="5" /><S m="" P="0,0,0.3,0.2,-25,0,0,0" L="250" X="3278" H="10" Y="535" T="5" /><S m="" P="0,0,0.3,0,0,0,0,0" L="20" X="3431" H="10" Y="658" T="10" /><S m="" P="0,0,0.3,0,0,0,0,0" L="20" H="10" X="3313" Y="657" T="10" /><S m="" P="0,0,0.3,0,0,0,0,0" L="20" X="3194" H="10" Y="658" T="10" /><S m="" P="0,0,0.3,0.2,0,0,0,0" L="220" H="64" X="3184" Y="348" T="5" /><S m="" P="0,0,0.3,0.2,-2,0,0,0" L="300" H="80" X="348" Y="204" T="6" /><S m="" P="0,0,0.3,0,-55,0,0,0" L="73" H="250" X="1620" Y="681" T="10" /><S m="" P="0,0,,,,0,0,0" L="235" H="52" X="457" Y="540" T="9" /><S m="" P="0,0,0.3,0.2,0,0,0,0" L="142" X="278" H="54" Y="538" T="6" /><S m="" P="0,0,0.3,0.2,0,0,0,0" L="86" X="593" H="54" Y="538" T="6" /><S m="" P="0,0,0.3,0.2,30,0,0,0" L="114" X="676" H="28" Y="551" T="6" /><S m="" P="0,0,0.3,0.2,0,0,0,0" L="76" X="827" H="91" Y="670" T="6" /><S m="" P="0,0,0.3,0.2,0,0,0,0" L="490" X="452" H="20" Y="569" T="5" /><S m="" P="0,0,,,,0,0,0" L="220" H="80" X="3186" Y="276" T="9" /><S m="" P="0,0,0.3,0,0,0,0,0" L="48" H="100" X="2970" Y="172" T="10" /><S m="" P="0,0,0.3,0,-60,0,0,0" L="40" H="100" X="3023" Y="216" T="10" /><S m="" P="0,0,0.3,0.2,0,0,0,0" L="10" H="126" X="3902" Y="469" T="5" /><S m="" P="0,0,0,0.2,0,0,0,0" L="25" H="162" X="3547" Y="611" T="1" /><S m="" P="0,0,0,0,-45,0,0,0" L="10" H="10" X="3981" Y="193" T="5" /><S m="" P="0,0,0.3,0.2,60,0,0,0" L="18" X="730" H="18" Y="580" T="6" /><S m="" P="0,0,0,0,-45,0,0,0" L="10" H="10" X="3981" Y="151" T="5" /><S m="" P="0,0,0,0,-45,0,0,0" L="10" H="10" X="3981" Y="109" T="5" /><S m="" P="0,0,0,0,-45,0,0,0" L="10" H="10" X="3981" Y="232" T="5" /><S m="" P="0,0,0,0,-45,0,0,0" L="10" H="10" X="3981" Y="270" T="5" /><S m="" P="0,0,0.3,0,0,0,0,0" L="20" X="3430" H="10" Y="601" T="10" /><S m="" P="0,0,0.3,0,0,0,0,0" L="20" X="3516" H="10" Y="632" T="10" /><S m="" P="0,0,0.3,0,0,0,0,0" L="20" X="3359" H="10" Y="568" T="10" /><S m="" P="0,0,0.3,0,0,0,0,0" L="20" X="3440" H="10" Y="530" T="10" /><S m="" P="0,0,0,0.2,-10,0,0,0" L="152" H="20" X="3764" Y="523" T="1" /><S m="" P="0,0,0.3,0.2,0,0,0,0" L="120" X="3493" H="25" Y="367" T="6" /><S m="" P="0,0,0.3,0.2,0,0,0,0" L="76" X="3515" H="25" Y="342" T="6" /><S m="" P="0,0,0.3,0.2,-23,0,0,0" L="100" X="3571" H="20" Y="326" T="6" /><S m="" P="0,0,,,,0,0,0" L="85" H="28" X="3935" Y="169" T="9" /><S m="" P="0,0,0.3,0.2,0,0,0,0" L="10" X="3708" H="10" Y="291" T="6" /><S m="" P="0,0,0.3,0.2,0,0,0,0" L="10" X="3848" H="10" Y="292" T="6" /><S m="" P="0,0,0.3,0.2,-40,0,0,0" L="150" X="3931" H="20" Y="343" T="6" /><S m="" P="0,0,0.3,0.2,-50,0,0,0" L="10" X="88" H="90" Y="459" T="5" /><S m="" P="0,0,0.3,0.2,-30,0,0,0" L="10" H="90" X="57" Y="428" T="5" /><S m="" P="0,0,0.3,0.2,40,0,0,0" L="10" X="138" H="90" Y="375" T="5" /><S m="" P="0,0,0.3,0.2,10,0,0,0" L="10" H="90" X="175" Y="301" T="5" /><S m="" P="0,0,0.3,0.2,-60,0,0,0" L="10" H="90" X="48" Y="278" T="5" /><S m="" P="0,0,0.3,0.2,-10,0,0,0" L="10" X="11" H="90" Y="242" T="5" /><S m="" P="0,0,0.3,0.2,40,0,0,0" L="10" H="110" X="165" Y="215" T="5" /><S m="" P="0,0,0.3,0.2,70,0,0,0" L="10" H="90" X="134" Y="101" T="5" /><S m="" P="0,0,0.3,0.2,0,0,0,0" L="10" X="626" H="173" Y="49" T="5" /><S m="" P="0,0,0.3,0.2,0,0,0,0" L="10" X="626" H="250" Y="202" T="5" /><S m="" P="0,0,0.3,0.2,0,0,0,0" L="2425" X="800" H="80" Y="-40" T="0" /><S m="" P="0,0,0.3,0.2,0,0,0,0" L="2425" X="3200" H="80" Y="-40" T="0" /><S m="" P="0,0,0.3,0.2,0,0,0,0" L="10" H="90" X="177" Y="260" T="5" /><S m="" P="0,0,0.3,0.2,0,0,0,0" L="100" X="-50" H="900" Y="450" T="0" /><S m="" P="0,0,0.3,0.2,0,0,0,0" L="100" X="4050" H="900" Y="450" T="0" /><S m="" P="0,0,0.3,0.2,0,0,0,0" L="40" H="10" X="17" Y="391" T="5" /><S m="" P="0,0,0.3,0,50,0,0,0" L="59" X="1466" H="24" Y="620" T="10" /><S m="" P="0,0,0.3,0,0,0,0,0" L="1026" H="135" X="1983" Y="732" T="10" /><S m="" P="0,0,,,,0,0,0" L="420" X="3323" H="40" Y="687" T="9" /><S m="" P="0,0,0.3,0,0,0,0,0" L="200" X="2588" H="10" Y="102" T="10" /><S m="" P="0,0,0.3,0,0,0,0,0" L="150" H="10" X="2870" Y="195" T="10" /><S m="" P="0,0,0.3,0,-80,0,0,0" L="70" H="10" X="2463" Y="278" T="10" /><S m="" P="0,0,0.3,0,-60,0,0,0" L="70" H="10" X="2478" Y="246" T="10" /><S m="" P="0,0,0.3,0,-40,0,0,0" L="70" H="10" X="2502" Y="219" T="10" /><S m="" P="0,0,0.3,0,-20,0,0,0" L="70" H="10" X="2523" Y="206" T="10" /><S m="" P="0,0,0.3,0,15,0,0,0" L="70" H="10" X="2949" Y="208" T="10" /><S m="" P="0,0,0.3,0,55,0,0,0" L="70" H="10" X="3024" Y="254" T="10" /><S P="1,0,0.3,0.2,0,0,0,0" Y="664" L="100" H="10" X="2559" i="-2,-48,x_transformice/x_evt/x_evt_25/abwnpzec/aube1.png" T="0" /><S m="" P="1,0,0.3,0.2,0,0,0,0" L="10" X="2559" H="100" Y="664" T="0" /><S P="1,0,0.3,0.2,0,0,0,0" i="-5,-95,x_transformice/x_evt/x_evt_25/abwnpzec/aube2.png" L="200" X="2750" H="10" Y="597" T="0" /><S m="" P="1,0,0.3,0.2,0,0,0,0" L="10" X="2750" H="200" Y="597" T="0" /><S m="" P="1,0,0,1.6,0,0,0,0" L="10" X="2757" H="100" Y="646" T="2" /><S m="" P="1,0,0,1.6,0,0,0,0" L="10" X="2743" H="100" Y="546" T="2" /></S><D><DS Y="648" X="1996" /></D><O><O P="0" C="13" X="2750" Y="597" /><O P="0" C="12" X="2559" Y="664" /><O X="2753" C="22" P="0" Y="684" /><O X="2753" C="22" P="0" Y="610" /><O X="2748" C="22" P="0" Y="580" /><O X="2747" C="22" P="0" Y="504" /></O></Z></C>