{
	"texts": {
        "BR": {
            "shop": {
                "main": "\n\n<p align='left'><N> Olá <ROSE>%1<N>, voce tem <R>%2 <N>moedas.\n\n<J>  Bem-Vindo a nossa Lojinha !\n\n<VP>  Voce pode ganhar mais moedas firstando.\n\n <N> Para abrir uma lista de coisas que pode comprar, click em alguma das opçoes em menu.\n\n  <T>Quer informar algum erro ou tem alguma dúvida? Fale com um Administrador online.\n\n\n\n<N>  Diverta-se é passa um bom jogo.</p>",
                "menu": "\n\n\n <a href='event:shop:changeTab-1'>Inicio</a>\n\n\n <a href='event:shop:changeTab-2'>Perfil</a>\n\n\n <a href='event:shop:changeTab-3'>Comprar Vip</a>\n\n\n <a href='event:shop:changeTab-4'>Fichas</a>",
                "profileTab": "\n\n<p align='left'><N> Olá <ROSE>%1<N>, voce tem <R>%2 <N>moedas.\n\n<N>Abaixo voce pode ver uma lista de items que pode comprar com moedas:\n\n<R><a href='event:shop:buyItem-1-1'>[x]</a> <N> - 2000 Quijos + 1500 Morangos - 750 Moedas\n<R><a href='event:shop:buyItem-1-2'>[x]</a> <N> - 100 Firsts + 50 Bootcamps - 1000 Moedas\n<R><a href='event:shop:buyItem-1-3'>[x]</a> <N> - 200 Firsts + 300 Saves - 1500 Moedas\n<R><a href='event:shop:buyItem-1-4'>[x]</a> <N> - 200 Firsts + 400 Saves + 100 Bootcamps - 2000 Moedas\n<R><a href='event:shop:buyItem-1-5'>[x]</a> <N> - 600 Saves + 300 Saves (Hard) + 200 Saves (Divine) - 2000 Moedas",
                "titlesTab": "\n\n<p align='left'><N> Olá <ROSE>%1<N>, voce tem <R>%2 <N>moedas.\n\n<N>Abaixo voce pode ver uma lista de items que pode comprar com moedas:\n\n<R><a href='event:shop:buyItem-2-1'>[x]</a> <N> - Vip ClownMice  - 10000 Moedas",
                "tokensTab": "\n\n<p align='left'><N> Olá <ROSE>%1<N>, voce tem <R>%2 <N>moedas.\n\n<N>Abaixo voce pode ver uma lista de items que pode comprar com moedas:\n\n<R><a href='event:shop:buyItem-3-1'>[x]</a> <N> - 10 Fichas - 750 Moedas\n<R><a href='event:shop:buyItem-3-2'>[x]</a> <N> - 20 Fichas - 1500 Moedas\n<R><a href='event:shop:buyItem-3-3'>[x]</a> <N> - 30 Fichas - 2250 Moedas\n<R><a href='event:shop:buyItem-3-4'>[x]</a> <N> - 40 Fichas - 3000 Moedas\n<R><a href='event:shop:buyItem-3-5'>[x]</a> <N> - 50 Fichas - 3750 Moedas",
                "confirmBuy": "\n\n<N><p align='center'>Quer comprar o item: <R>%1 <N>por <R>%2 <N>moedas?\n\n<V><b><a href='event:shop:confirmBuyItem-%3-%4'>Sim</a></b> - <R><b><a href='event:shop:changeTab-%5'>Nao</a></b></p>",
                "buyErrorNoCoins": "\n\n<N><p align='center'>Voce nao tem suficiene moedas para comprar o item: <R>%1\n\n<V><b><a href='event:shop:changeTab-%2'>OK</a></b>",
                "buyErrorHas": "\n\n<N><p align='center'>Voce ja tem o item: <R>%1\n\n<V><b><a href='event:shop:changeTab-%2'>OK</a></b>",
                "buySucess": "\n\n<N><p align='center'>Voce comprou o item: <R>%1 <N>com susseso\n\n<V><b><a href='event:shop:changeTab-%2'>OK</a></b>",
                "items": {
                    "profile": {
                        "1": "2000 Cheeses + 1500 Fraises",
                        "2": "100 Firsts + 50 Bootcamps",
                        "3": "200 Firsts + 300 Saves",
                        "4": "200 Firsts + 400 Saves + 100 Bootcamps",
                        "5": "600 Saves + 300 Saves (Hard) + 200 Saves (Divine)"
                    },
                
                    "title": {
                        "1": "Comprar VIP - Permanente"
                    },
                
                    "token": {
                         "1": "10 Tokens",
                         "2": "20 Tokens",
                         "3": "30 Tokens",
                         "4": "40 Tokens",
                         "5": "50 Tokens"
                    }
                }
            },
            
            "spinTheWheel": {
                "main": "<p align='center'><N>Olá <ROSE>%1 <N>, você possui <R>%2 <N>fichas.</p>",
                "start": "<b><font color='#000000'><a href='event:spinTheWheel:start'>Girar</a></font></b>",
                "errorNoTokens": "\n\n<N><p align='center'>Você não tem fichas suficientes para girar a roleta.\n\n<V><b><a href='event:spinTheWheel:result'>OK</a></b>",
                "winAward": "\n\n<N><p align='center'>Parabéns ! Você ganhou <R>%1<N>.\n\n<V><b><a href='event:spinTheWheel:winAward-%2-%3'>OK</a></b>"
            },
            
            "vipInfo": {
                "main": "  Olá <ROSE>%1\n\n  <J>Seja bem vindo ao sistema de Vips do NovaEraMice.\n\n  <N><N>Nosso sistema passou por mudanças e agora esté disponível novamente aos nossos ratinhos.\n\n  Para conhecer todos os comandos vips clique na opção funções.\n\n<T>  Para ver os usuários Vips online no servidor clique na opção Vips.",
                "functions": "<ROSE><p align='center'><b>Comandos VIP</b></p>\n<font color='#00FFAB'>/vamp</font> <N>- Transforma seu rato em um vampiro.\n<font color='#00FFAB'>/meep</font> <N>- Ativa o meep.\n<font color='#00FFAB'>/pink</font> <N>- Deixa o seu rato rosa.\n<font color='#00FFAB'>/namecolor [Cor]</font> <N>- Altera a cor de seu nome.\n<font color='#00FFAB'>/re</font> <N>- Revive o seu rato.\n<font color='#00FFAB'>/vip [Mensagem]</font> <N>- Envia uma mensagem para a sala como VIP.\n<font color='#00FFAB'>/vi [Mensagem]</font> <N>- Envia uma mensagem para a equipe e os outros VIPs.",
                "noVips": "<font color='#FE777F'>Não há vip onlines!</font>",
                "menu": {
                    "1": "<b><a href='event:vipInfo:changeTab-1'>Inicio</a></b>",
                    "2": "<b><a href='event:vipInfo:changeTab-2'>Funções</a></b>",
                    "3": "<b><a href='event:vipInfo:changeTab-3'>Vips</a></b>",
                    "4": "<R><b><a href='event:vipInfo:close'>Fechar</a></b>"
                }
            },
            
            "consumablesShop": {
                "endBuy": "<p align='center'><a href='event:consumablesShop:endBuy'>Finalizar compra</a></p>",
                "buyMessage": "<p align='center'>Olá <ROSE>%1<N>, você possui <J>%2 <N>queijos e <R>%3 <N>morangos.\n\nVocê está comprando um total de <CH>%4 <N>consumíveis.\n\nSelecione o método de pagamento:</p>",
                "cancelBuy": "<p align='center'><a href='event:consumablesShop:cancelBuy'>Cancelar</a></p>",
                "buySucess": "<p align='center'>Você comprou <CH>%1 <N>consumíveis por %2%3 <N>%4.</p>",
                "cheeses": "queijos",
                "fraises": "morangos",
                "returnToHome": "<p align='center'><a href='event:consumablesShop:backToHome'>Voltar para o início</a></p>"
            }
        },
        
        "ES": {
            "shop": {
                "main": "\n\n<p align='left'><N> Hello <ROSE>%1<N>, you have <J>%2 <N>coins.\n\n<J>  Welcome to MiceWins Mini Shop !\n\n <N> To open a list of items available for purchase simply click on one of the menu options on the side.\n\n  <T>If you want to report a bug or have a doubt talk to our management.\n\n\n\n<N>  Have fun and have a good game.</p>",
                "menu": "\n\n\n <a href='event:shop:changeTab-1-1'>Home</a>\n\n\n <a href='event:shop:changeTab-2-1'>Profile</a>\n\n\n <a href='event:shop:changeTab-3-1'>Titles</a>\n\n\n <a href='event:shop:changeTab-4-1'>Tokens</a>\n\n\n <a href='event:shop:changeTab-5-1'>Badges</a>\n\n\n <a href='event:shop:changeTab-6-1'>Shaman Badges</a>",
                "header": "\n\n<p align='left'><N> Hello <ROSE>%1<N>, you have <J>%2 <N>coins.\n\n<N>Below is a list of the items you can buy with your coins:\n",
                "coins": "coins",
                "confirmBuy": "\n\n<N><p align='center'>Do you really want to buy the item <J>%1 <N>for <J>%2 <N>coins?\n\n<V><b><a href='event:shop:confirmBuyItem-%3-%4'>Yes</a></b> - <R><b><a href='event:shop:changeTab-%5-%6'>No</a></b></p>",
                "confirmBuyBadge": "\n\n<N><p align='center'>Do you really want to buy the badge \n<img src='http://www.transformice.com/images/x_transformice/x_badges/x_%1.png' hspace='175' vspace='10'>\n\n\n\n <N>for <J>%2 <N>coins?\n\n<V><b><a href='event:shop:confirmBuyItem-%3-%4'>Yes</a></b> - <R><b><a href='event:shop:changeTab-%5-%6'>No</a></b></p>",
                "confirmBuyShamanBadge": "\n\n<N><p align='center'>Do you really want to buy the shaman badge \n<img src='http://www.nowmice.com.br/tools/shop/shamanBadges/%1.png' hspace='175' vspace='10'>\n\n\n\n\n <N>for <J>%2 <N>coins?\n\n<V><b><a href='event:shop:confirmBuyItem-%3-%4'>Yes</a></b> - <R><b><a href='event:shop:changeTab-%5-%6'>No</a></b></p>",
                "buyErrorNoCoins": "\n\n<N><p align='center'>You do not have enough coins to buy the item <J>%1\n\n<V><b><a href='event:shop:changeTab-%2-%3'>OK</a></b>",
                "buyBadgeErrorNoCoins": "\n\n<N><p align='center'>You do not have enough coins to buy this badge.\n\n<V><b><a href='event:shop:changeTab-%1-%2'>OK</a></b>",
                "buyShamanBadgeErrorNoCoins": "\n\n<N><p align='center'>You do not have enough coins to buy this shaman badge.\n\n<V><b><a href='event:shop:changeTab-%1-%2'>OK</a></b>",
                "buyErrorHas": "\n\n<N><p align='center'>You already have the item <J>%1\n\n<V><b><a href='event:shop:changeTab-%2-%3'>OK</a></b>",
                "buyBadgeErrorHas": "\n\n<N><p align='center'>You already have this badge.\n\n<V><b><a href='event:shop:changeTab-%1-%2'>OK</a></b>",
                "buyShamanBadgeErrorHas": "\n\n<N><p align='center'>You already have this shaman bage.\n\n<V><b><a href='event:shop:changeTab-%1-%2'>OK</a></b>",
                "buySucess": "\n\n<N><p align='center'>You bought the item <J>%1 <N>successfully.\n\n<V><b><a href='event:shop:changeTab-%2-%3'>OK</a></b>",
                "buyBadgeSucess": "\n\n<N><p align='center'>You bought this badge successfully.\n\n<V><b><a href='event:shop:changeTab-%1-%2'>OK</a></b>",
                "buyShamanBadgeSucess": "\n\n<N><p align='center'>You bought this shaman badge successfully.\n\n<V><b><a href='event:shop:changeTab-%1-%2'>OK</a></b>",
                "items": {
                    "profile": {
                        "1": "2000 Cheeses + 1500 Fraises",
                        "2": "100 Firsts + 50 Bootcamps",
                        "3": "200 Firsts + 300 Saves",
                        "4": "200 Firsts + 400 Saves + 100 Bootcamps",
                        "5": "600 Saves + 300 Saves (Hard) + 200 Saves (Divine)"
                    },
                
                    "title": {
                        "1": "Title «RÉLÁMPÁGÓ»"
                    },
                
                    "token": {
                         "1": "10 Tokens",
                         "2": "20 Tokens",
                         "3": "30 Tokens",
                         "4": "40 Tokens",
                         "5": "50 Tokens"
                    }
                }
            },
            
            "spinTheWheel": {
                "main": "<p align='center'><N>Hello <ROSE>%1 <N>, you have <R>%2 <N>tokens.</p>",
                "start": "<b><font color='#000000'><a href='event:spinTheWheel:start'>Start</a></font></b>",
                "errorNoTokens": "\n\n<N><p align='center'>You do not have enough tokens to spin the wheel.\n\n<V><b><a href='event:spinTheWheel:result'>OK</a></b>",
                "winAward": "\n\n<N><p align='center'>Congratulations ! You win <R>%1<N>.\n\n<V><b><a href='event:spinTheWheel:winAward-%2-%3'>OK</a></b>"
            },
            
            "vipInfo": {
                "main": "  Hola <ROSE>%1\n\n  <J>Bienvenido a sistema de Vips de GoMice.\n\n  <N><N>Nuestro sistema ha sufrido cambios y ahora está disponible de nuevo para nuestros ratones.\n\n  Para los comandos completos de Vips, clic en funciones.\n\n<T>  Para ver los usuarios Vips en línea, haga clic en el servidor en la opción Vips.",
                "functions": "<ROSE><p align='center'><b></b></p>\n<font color='#00FFAB'>/vamp</font> <N>- Enciende el puntero del ratón en un vampiro.\n<font color='#00FFAB'>/meep</font> <N>- Activa lo meep.\n<font color='#00FFAB'>/pink</font> <N>- Deje su ratón rosado.\n<font color='#00FFAB'>/freebadges</font> <N>- Desbloquea nuevas medallas.\n<font color='#00FFAB'>/namecolor [Color]</font> <N>- Cambia el color de su nombre.\n<font color='#00FFAB'>/re</font> <N>- Revive el puntero del ratón.\n<font color='#00FFAB'>/vip [Mensaje]</font> <N>- Enviar un mensaje a la sala como VIP.\n<font color='#00FFAB'>/vi [Mensagem]</font> <N>- Enviar un mensaje a equipe y otros VIPs.",
                "noVips": "<font color='#FE777F'>Sin vip en línea.</font>",
                "menu": {
                    "1": "<b><a href='event:vipInfo:changeTab-1'>Comienzo</a></b>",
                    "2": "<b><a href='event:vipInfo:changeTab-2'>Funciones</a></b>",
                    "3": "<b><a href='event:vipInfo:changeTab-3'>Vips</a></b>",
                    "4": "<R><b><a href='event:vipInfo:close'>Cerrar</a></b>"
                }
            },
            
            "consumablesShop": {
                "endBuy": "<p align='center'><a href='event:consumablesShop:endBuy'>Finiquitar compra</a></p>",
                "buyMessage": "<p align='center'>Hola <ROSE>%1<N>, usted tiene <J>%2 <N>quesos y <R>%3 <N>fresas.\n\nUsted está comprando un total de <CH>%4 <N>consumibles.\n\nElija un método de pago:</p>",
                "cancelBuy": "<p align='center'><a href='event:consumablesShop:cancelBuy'></a></p>",
                "buySucess": "<p align='center'>Usted compró <CH>%1 <N>consumibles per %2%3 <N>%4.</p>",
                "cheeses": "quesos",
                "fraises": "fresas",
                "returnToHome": "<p align='center'><a href='event:consumablesShop:backToHome'>Volver al principio</a></p>"
            }
        },
        
        "EN": {
            "shop": {
                "main": "\n\n<p align='left'><N> Hello <ROSE>%1<N>, you have <R>%s <N>coins.\n\n<J>  Welcome to Transformice Mini Shop !\n\n<VP>  You can earn more coins into the play first (and also second and third place if you were a VIP user.)\n\n <N> To open a list of items available for purchase simply click on one of the menu options on the side.\n\n  <T>If you want to report a bug or have a doubt talk to our management.\n\n\n\n<N> Have fun and have a good game.</p>",
                "menu": "\n\n\n <a href='event:shop:changeTab-1'>Home</a>\n\n\n <a href='event:shop:changeTab-2'>Profile</a>\n\n\n <a href='event:shop:changeTab-3'>Titles</a>\n\n\n <a href='event:shop:changeTab-4'>Chips</a>",
                "profileTab": "\n\n<p align='left'><N> Hello <ROSE>%1<N>, you have <R>%s <N>coins.\n\n<N>Below is a list of the products you can buy with your coins:\n\n<R><a href='event:shop:buyItem-1-1'>[x]</a> <N> - 2000 Cheeses + 1500 Fraises - 750 Coins\n<R><a href='event:shop:buyItem-1-2'>[x]</a> <N> - 100 Firsts + 50 Bootcamps - 1000 Coins\n<R><a href='event:shop:buyItem-1-3'>[x]</a> <N> - 200 Firsts + 300 Saves - 1500 Coins\n<R><a href='event:shop:buyItem-1-4'>[x]</a> <N> - 200 Firsts + 400 Saves + 100 Bootcamps - 2000 Coins\n<R><a href='event:shop:buyItem-1-5'>[x]</a> <N> - 600 Saves + 300 Saves (Hard) + 200 Saves (Divine) - 2000 Coins",
                "titlesTab": "\n\n<p align='left'><N> Hello <ROSE>%1<N>, you have <R>%s <N>coins.\n\n<N>Below is a list of the products you can buy with your coins:\n\n<R><a href='event:shop:buyItem-2-1'>[x]</a> <N> - «RÉLÁMPÁGÓ» - 500 Coins",
                "tokensTab": "\n\n<p align='left'><N> Hello <ROSE>%1<N>, you have <R>%s <N>coins.\n\n<N>Below is a list of the products you can buy with your coins:\n\n<R><a href='event:shop:buyItem-3-1'>[x]</a> <N> - 10 Tokens - 750 Coins\n<R><a href='event:shop:buyItem-3-2'>[x]</a> <N> - 20 Tokens - 1500 Coins\n<R><a href='event:shop:buyItem-3-3'>[x]</a> <N> - 30 Fichas - 2250 Coins\n<R><a href='event:shop:buyItem-3-4'>[x]</a> <N> - 40 Tokens - 3000 Coins\n<R><a href='event:shop:buyItem-3-5'>[x]</a> <N> - 50 Tokens - 3750 Coins",
                "confirmBuy": "\n\n<N><p align='center'>Do you really want to buy the item: <R>%1 <N>for <R>%2 <N>coins?\n\n<V><b><a href='event:shop:confirmBuyItem-%3-%4'>Yes</a></b> - <R><b><a href='event:shop:changeTab-%5'>No</a></b></p>",
                "buyErrorNoCoins": "\n\n<N><p align='center'>You do not have enough coins to buy the item: <R>%1\n\n<V><b><a href='event:shop:changeTab-%2'>OK</a></b>",
                "buyErrorHas": "\n\n<N><p align='center'>You already have the item: <R>%1\n\n<V><b><a href='event:shop:changeTab-%2'>OK</a></b>",
                "buySucess": "\n\n<N><p align='center'>You bought the item: <R>%1 <N>successfully\n\n<V><b><a href='event:shop:changeTab-%2'>OK</a></b>",
                "items": {
                    "profile": {
                        "1": "2000 Cheeses + 1500 Fraises",
                        "2": "100 Firsts + 50 Bootcamps",
                        "3": "200 Firsts + 300 Saves",
                        "4": "200 Firsts + 400 Saves + 100 Bootcamps",
                        "5": "600 Saves + 300 Saves (Hard) + 200 Saves (Divine)"
                    },
                
                    "title": {
                        "1": "Title «RÉLÁMPÁGÓ»"
                    },
                
                    "token": {
                         "1": "10 Tokens",
                         "2": "20 Tokens",
                         "3": "30 Tokens",
                         "4": "40 Tokens",
                         "5": "50 Tokens"
                    }
                }
            },
            
            "spinTheWheel": {
                "main": "<p align='center'><N>Hola <ROSE>%1 <N>, usted tiene <R>%2 <N>fichas.</p>",
                "start": "<b><font color='#000000'><a href='event:spinTheWheel:start'>Giro</a></font></b>",
                "errorNoTokens": "\n\n<N><p align='center'>Usted no tiene suficientes fichas para hacer girar la rueda.\n\n<V><b><a href='event:spinTheWheel:result'>OK</a></b>",
                "winAward": "\n\n<N><p align='center'>Felicitaciones, usted ganaste <R>%1<N>.\n\n<V><b><a href='event:spinTheWheel:winAward-%2-%3'>OK</a></b>"
            },
            
            "vipInfo": {
                "main": "  Hola <ROSE>%1\n\n  <J>Bienvenido a sistema de Vips de MiceWins.\n\n  <N><N>Nuestro sistema ha sufrido cambios y ahora está disponible de nuevo para nuestros ratones.\n\n  Para los comandos completos de Vips, clic en funciones.\n\n<T>  Para ver los usuarios Vips en línea, haga clic en el servidor en la opción Vips.",
                "functions": "<ROSE><p align='center'><b></b></p>\n<font color='#00FFAB'>/vamp</font> <N>- Enciende el puntero del ratón en un vampiro.\n<font color='#00FFAB'>/meep</font> <N>- Activa lo meep.\n<font color='#00FFAB'>/pink</font> <N>- Deje su ratón rosado.\n<font color='#00FFAB'>/freebadges</font> <N>- Desbloquea nuevas medallas.\n<font color='#00FFAB'>/namecolor [Color]</font> <N>- Cambia el color de su nombre.\n<font color='#00FFAB'>/re</font> <N>- Revive el puntero del ratón.\n<font color='#00FFAB'>/vip [Mensaje]</font> <N>- Enviar un mensaje a la sala como VIP.\n<font color='#00FFAB'>/vi [Mensagem]</font> <N>- Enviar un mensaje a equipe y otros VIPs.",
                "noVips": "<font color='#FE777F'>Sin vip en línea.</font>",
                "menu": {
                    "1": "<b><a href='event:vipInfo:changeTab-1'>Comiezo</a></b>",
                    "2": "<b><a href='event:vipInfo:changeTab-2'>Funciones</a></b>",
                    "3": "<b><a href='event:vipInfo:changeTab-3'>Vips</a></b>",
                    "4": "<R><b><a href='event:vipInfo:close'>Cerrar</a></b>"
                }
            },
            
            "consumablesShop": {
                "endBuy": "<p align='center'><a href='event:consumablesShop:endBuy'>Finiquitar compra</a></p>",
                "buyMessage": "<p align='center'>Hola <ROSE>%1<N>, usted tiene <J>%2 <N>quesos y <R>%3 <N>fresas.\n\nUsted está comprando un total de <CH>%4 <N>consumibles.\n\nElija un método de pago:</p>",
                "cancelBuy": "<p align='center'><a href='event:consumablesShop:cancelBuy'></a></p>",
                "buySucess": "<p align='center'>Usted compró <CH>%1 <N>consumibles per %2%3 <N>%4.</p>",
                "cheeses": "quesos",
                "fraises": "fresas",
                "returnToHome": "<p align='center'><a href='event:consumablesShop:backToHome'>Volver al principio</a></p>"
            }
        }
    },
    
    "shop": {
        "profile": {
            "1": 750,
            "2": 1000,
            "3": 1500,
            "4": 2000,
            "5": 2000,
            "6": 2250,
            "7": 2500
        },
        
        "title": {
            "1": 500,
            "2": 600,
            "3": 600,
            "4": 700,
            "5": 700,
			"6": 750,
			"7": 750,
			"8": 750,
			"9": 800,
			"10": 900,
			"11": 1000,
			"12": 1000
        },
        
        "token": {
            "1": 750,
            "2": 1500,
            "3": 2250,
            "4": 3000,
            "5": 3750
        }
    },
    
    "consumables": {
        "0": [0, 6, 3],
        "1": [1, 8, 4],
        "2": [2, 6, 3],
        "3": [3, 6, 3],
        "4": [4, 4, 2],
        "5": [5, 8, 4],
        "6": [6, 8, 4],
        "7": [8, 8, 4],
        "8": [10, 4, 2],
        "9": [11, 8, 4],
        "10": [14, 4, 2],
        "11": [15, 4, 2],
        "12": [16, 6, 3],
        "13": [20, 8, 4],
        "14": [21, 9, 5],
        "15": [24, 8, 4],
        "16": [25, 8, 4],
        "17": [26, 8, 4],
    }
}