{
      "server": {
            "blacklist": [
                  "infomice.net", 
                  "transforselect.com", 
                  "Transforword.com", 
                  "transfornext.net", 
                  "micelegends.com", 
                  "heromice.com", 
                  "ultimice.com", 
                  "kingmice.com.br", 
                  "TransforHouse", 
                  "TRANSFORWORD.COM", 
                  "micebr.net", 
                  "Cheesenew.tfm.net.br", 
                  "crewmice.net", 
                  "xat.com", 
                  "popmice.org", 
                  "formix.xp3.biz", 
                  "fastmice.com.br", 
                  "transforend.com.br", 
                  "hardmice.com.br", 
                  "miceleste.tk", 
                  "ldmice.org", 
                  "playmice.org", 
                  "micethex.tk", 
                  "mainmice.com", 
                  "Transforword.org", 
                  "transforword.com", 
                  "transforbeta.com.br", 
                  "micemixy.net", 
                  "micemixy.com.br", 
                  "transfortask.com.br", 
                  "miceplus.com.br", 
                  "tfmice.com", 
                  "transforbest.org", 
                  "Transformega.com", 
                  "cheesenew.org", 
                  "micemaniacos.net.br", 
                  "applemice.tfm.net.br", 
                  "miceconnect.net", 
                  "transforword.org", 
                  "zip.net", 
                  "nanomice.us", 
                  "transforhouse.com", 
                  "transfamousmice.com", 
                  "transformice.com.es", 
                  "mice-speed.hol.es", 
                  "hallomice.es", 
                  "hallomice.hol.es", 
                  "minitf.com", 
                  "minitf.net", 
                  "freze.mice.cf", 
                  "mice.cf", 
                  "fox-mice.hol.es", 
                  "transforvicio.org", 
                  "transforvicio.com", 
                  "ratas.me", 
                  "cheesemice.es", 
                  "transformice.pt", 
                  "micegirl.com", 
                  "inter.mice.cf", 
                  "youmice.cf", 
                  "ratamice.net", 
                  "blackmice.server.tl", 
                  "micesky.com", 
                  "transforkills.co.ve", 
                  "transforfirst.com", 
                  "endmice.hol.es", 
                  "fox.mice.cf", 
                  "ratasmc.com", 
                  "transformj.hol.es", 
                  "transformj.hostei.com", 
                  "transformmj.foro-espana.com", 
                  "transformj.2trweb.com", 
                  "transformice.in", 
                  "transratas.hol.es", 
                  "crazymice.org", 
                  "transformj.esy.es", 
                  "jabbformice.com.nu", 
                  "electromice.ml", 
                  "electromice.cf", 
                  "flashmais.com.nu", 
                  "tfmcheese.cf", 
                  "transforcheese.cf", 
                  "micego.com", 
                  "miceforcheese.com", 
                  "micegocom", 
                  "transforloki.tk", 
                  "transforloki.cf", 
                  "micepop.com", 
                  "servertfm.cf", 
                  "cheeseformice", 
                  "cheesemice", 
                  "freze.mice", 
                  "heardmice.hol.es", 
                  "micecity", 
                  "kent.mice.cf", 
                  "frezemice", 
                  "habi-mice.com.nu", 
                  "habimice.890m.com", 
                  "transforcheese.net", 
                  "micelokito.com", 
                  "kekotrans.com", 
                  "micedown.ml", 
                  "Transformj.org", 
                  "Transfor-Next.com.br", 
                  "micemania.com.br", 
                  "transforbr.net", 
                  "miceup.org", 
                  "room32.dyndns.org", 
                  "frikimice.ch-chups.com", 
                  "tfmice.in", 
                  "stopmice.hloading.es", 
                  "hatroxmice.com", 
                  "queenmice.in", 
                  "micegrl.tk", 
                  "micenine.tk", 
                  "novamice.com", 
                  "lokiratones.cf", 
                  "cheesemice.org", 
                  "Transformice.com.es", 
                  "electromiceee.esy.es", 
                  "miceforcheese", 
                  "cheesemice.ch.tf", 
                  "badmice.com", 
                  "miceroom.ml", 
                  "onmundo.es"
            ], 
            "whitelist": [], 
            "allowdomain": [
                  "fb.com", 
                  "youtube.com", 
                  "hotmail.com", 
                  "aol.com", 
                  "gmail.com", 
                  "facebook.com", 
                  "google.com", 
                  "outlook.com"
            ], 
            "suspectwords": [
                  "http://www.", 
                  "https://www.", 
                  "http://", 
                  "https://", 
                  ".com", 
                  ".com.br", 
                  ".br", 
                  ".net", 
                  ".org", 
                  ".biz", 
                  ".co", 
                  ".nz", 
                  ".info", 
                  ".tk", 
                  ".ru", 
                  ".xpg", 
                  ".cz.cf", 
                  ".cf", 
                  ".expert", 
                  ".nyc", 
                  ".guru", 
                  ".rehab", 
                  ".ac", 
                  ".ag", 
                  ".ar.com", 
                  ".com.ar", 
                  ".com.co", 
                  ".at", 
                  ".be", 
                  ".cat", 
                  ".am", 
                  ".bar", 
                  ".bz", 
                  ".cab", 
                  ".ca", 
                  ".ch", 
                  ".ceo", 
                  ".in", 
                  ".cx", 
                  ".cool", 
                  ".wtf", 
                  ".com.mx", 
                  ".de", 
                  ".es", 
                  ".fm", 
                  ".us", 
                  ".ml", 
                  "pirata"
            ], 
            "ipbans": [
                  "10.0.0.1", 
                  "10.0.0.0"
            ]
      }
}