{
    "texts": {
        "BR": {
            "fullMenu": {
                "title": "<font size='13' color='#FFD991'><p align='center'>Bem-vindo ao Menu!</p></font>\n",
                "main": "<p align='left'><font size='13'><N>Olá</font>, <J>%1</font><N>.\n<N>Sejá bem vindo ao novo Menu do nosso servidor! Aqui você poderá comprar <V>moedas<N>, <V>firsts<N>, <V>cargos<N>, visualizar os <V>comandos<N> existentes do mice, comprar consumiveis, participar de sorteios na roleta, baixar o <V>Standalone<N> do nosso Transformice e conhecer nossa equipe que traz tudo isso para você.\n\n<J>No menu ao lado, escolha o que você quer fazer.\n<N><VP>Caso tenha dúvidas, entre em contato com a equipe.",
                "inicio": "<a href='event:fullMenu:open'><FJ><N>Início<N></font></a>",
                "lojinha": "<a href='event:shop:open'><font color='#1BB0FB' size='13'><N><N>Lojinha<N></a>",
                "ranking": "<a href='event:ranking:firsts'><font color='#1BB0FB' size='13'><N><N>Ranking</a>",
                "equipe": "<a href='event:equipe:fund'><font color='#1BB0FB' size='13'><N><N>Equipe</a>",
                "roleta": "<a href='event:roleta:open'><font color='#1BB0FB' size='13'><N><N>Roleta</a>",
                "consumiveis": "<a href='event:consumablesShop:open'><font color='#1BB0FB' size='13'><N><N>Inventário</a>",
                "cor": "<a href='event:changeColor'><font color='#1BB0FB' size='13'><N><N>Cor<N></a>",
                "comandos": "<a href='event:help'><font color='#1BB0FB' size='13'><N><N>Comandos</a>",
                "stand": "<a href='event:stand'><font color='#1BB0FB' size='13'><N><N>Standalone</a>",
                "radios": "<a href='event:radios'><font size='14'><V>Rádios</font></a>",
                "radios-a": "<a href='event:radios'><font size='15'><N>Rádios</font></a>",
                "playerOption1": "<a href='event:playerOption-1'><font size='14'><V>Alterar nome</a>",
                "playerOption1-a": "<a href='event:playerOption-1'><font size='14'><N>Alterar nome</a>",
                "playerOption2": "<a href='event:playerOption-2'><font size='14'><V>Alterar e-mail</a>",
                "playerOption2-a": "<a href='event:playerOption-2'><font size='14'><N>Alterar e-mail</a>",
                "playerOption3": "<a href='event:playerOption-3'><font size='14'><V>Alterar senha</a>",
                "playerOption3-a": "<a href='event:playerOption-3'><font size='14'><N>Alterar senha</a>",
                "playerOption4": "<a href='event:playerOption-4'><font size='14'><V>Alterar avatar</a>",
                "playerOption4-a": "<a href='event:playerOption-4'><font size='14'><N>Alterar avatar</a>",
            },
            
            "shop": {
                "title": "<font size='13'><J><p align='center'>Compre algumas coisas</p></font>\n",
                "main": "<font size='13'><J><p align='left'><N>Olá, <ROSE>%1<N>. Você possui <J>%2 <N>moedas.\n<N>Para abrir uma lista de itens disponiveis para comprar basta clicar em uma das opções abaixo.\n\n<VP>O que você deseja comprar, <ROSE>%1<VP>?\n<N>»<J> <a href='event:shop:changeTab-2-1'>Desejo comprar Firsts e Coletados</a>\n<N>»<J> <a href='event:shop:changeTab-8-1'>Desejo comprar Cheeses Collected</a>\n<N>»<J> <a href='event:shop:changeTab-3-1'>Desejo comprar Bootcamps</a>\n<N>»<J> <a href='event:shop:changeTab-4-1'>Desejo comprar Saves <i>(Modo Normal)</i></a>\n<N>»<J> <a href='event:shop:changeTab-5-1'>Desejo comprar Saves <i>(Modo Difícil)</i></a>\n<N>»<J> <a href='event:shop:changeTab-6-1'>Desejo comprar Saves <i>(Modo Divino)</i></a>\n<N>»<J> <a target='_blank' href='http://MareMice.top/lojinha'>Desejo comprar VIP</a>\n<N>»<J> <a href='event:shop:changeTab-7-1'>Desejo comprar Fichas</a>",
                "header": "<p align='left'><font size='13'><N>Olá, <ROSE>%1<N>. Você possui <J>%2 <N>moedas.\n\n<N>Abaixo uma lista dos itens que você pode comprar com suas moedas:\n",
                "coins": "moedas",
                "confirmBuy": "\n\n<N><p align='center'>Deseja realmente comprar o item <J>%1 <N>por <J>%2 <N>moedas?\n\n<V><b><a href='event:shop:confirmBuyItem-%3-%4'>Sim</a></b> - <R><b><a href='event:shop:changeTab-%5-%6'>Não</a></b></p>",
                "buyErrorNoCoins": "\n\n<N><p align='center'>Você não tem moedas suficientes para comprar o item <J>%1\n\n<V><b><a href='event:shop:changeTab-%2-%3'>OK</a></b>",
                "buySucess": "\n\n<N><p align='center'>Você comprou o item <J>%1 <N>com sucesso.\n\n<V><b><a href='event:shop:changeTab-%2-%3'>OK</a></b>",
                "items": {
                    "firsts": {
                        "1": "200 Firsts",
                        "2": "400 Firsts",
                        "3": "600 Firsts",
                        "4": "800 Firsts",
                        "5": "1000 Firsts"
                    },
                    
                    "bootcamps": {
                        "1": "200 Bootcamps",
                        "2": "400 Bootcamps",
                        "3": "600 Bootcamps",
                        "4": "800 Bootcamps",
                        "5": "1000 Bootcamps"
                    },
                    
                    "savesnormal": {
                        "1": "200 Saves (Modo Normal)",
                        "2": "400 Saves (Modo Normal)",
                        "3": "600 Saves (Modo Normal)",
                        "4": "800 Saves (Modo Normal)",
                        "5": "1000 Saves (Modo Normal)"
                    },
                    
                    "savesdificil": {
                        "1": "200 Saves (Modo Difícil)",
                        "2": "400 Saves (Modo Difícil)",
                        "3": "600 Saves (Modo Difícil)",
                        "4": "800 Saves (Modo Difícil)",
                        "5": "1000 Saves (Modo Difícil)"
                    },
                    
                    "savesdivino": {
                        "1": "200 Saves (Modo Divino)",
                        "2": "400 Saves (Modo Divino)",
                        "3": "600 Saves (Modo Divino)",
                        "4": "800 Saves (Modo Divino)",
                        "5": "1000 Saves (Modo Divino)"
                    },
                    
                    "fichas": {
                        "1": "10 Fichas",
                        "2": "20 Fichas",
                        "3": "30 Fichas",
                        "4": "40 Fichas",
                        "5": "50 Fichas"
                    },
                    
                    "coletados": {
                        "1": "200 Cheeses Collected",
                        "2": "400 Cheeses Collected",
                        "3": "600 Cheeses Collected",
                        "4": "800 Cheeses Collected",
                        "5": "1000 Cheeses Collected"
                    },

                    "title": {
                        "1": "Título RÉLÁMPÁGO",
                        "2": "Título ¡Ándale! ¡Ándale!",
                        "3": "Título  Alpha & Omega",
                        "4": "Título Virtuoso",
                        "5": "Título Lenda viva"
                    },
                                        
                    "vips": {
                        "1": "Comprar VIP Normal - Permanente",
                        "2": "Comprar VIP Prata - Permanente",
                        "3": "Comprar VIP Ouro - Permanente"
                    },
                }
            },
        
            "roleta": {
                "title": "<font size='13'><J><p align='center'>Gire e ganhe!</p></font>\n",
                "main": "<font size='13'><N>Olá, <ROSE>%1<N>.\nVocê possui até o momento <VP>%2 <N>fichas.\n\n<VP><b>Como adquirir fichas?</b>\n<N>Basta comprar em nossa lojinha ao lado com suas moedas.\n\n<VP><b>Prêmios:</b>\n<N>Você pode ganhar de poucos <ROSE>queijos<N> até muitas moedas e <ROSE>VIP<N>!"
            },
            
            "equipe": {
                "title": "<font size='13'><J><p align='center'>Conheça os Desenvolvedores</p></font>\n",
                "main": "<p align='left'><font size='13'><N>Olá, <ROSE>%1<N>. Escolha o cargo para ver seus membros.\n\n<N><a href='event:equipe:fund'>» <font color='#0CC6C1'>Fundadores</a>\n<N><a href='event:equipe:admins'>» <ROSE>Administradores</a>\n<N><a href='event:equipe:coords'>» <VI>Coordenadores</a>\n<N><a href='event:equipe:smods'>» <J>Super Moderadores</a>\n<N><a href='event:equipe:mods'>» <N>Moderadores</a>\n<N><a href='event:equipe:mapcrews'>» <N><font color='#FFCC99'>MapCrews</font></a>\n<N><a href='event:equipe:helpers'>» <N><font color='#3366FF'>Árbitros</font></a>"
            },
            
            "ranking": {
                "title": "<font size='13'><J><p align='center'>Os melhores jogadores</p></font>\n",
                "main": "<font size='12'><N>Olá, <ROSE>%1<N>. Escolha uma das opções abaixo.\n\n<N>»<J> <a href='event:ranking:firsts'>Firsts</a>\n<N>»<J> <a href='event:ranking:coletados'>Queijos</a>\n<N>»<J> <a href='event:ranking:saves'>Saves</a>\n<N>»<J> <a href='event:ranking:bootcamps'>Bootcamps</a>\n<N>»<J> <a href='event:ranking:moedas'>Moedas</a>\n<N>»<J> <a href='event:ranking:deathmatch'>DeathMatch</a>"
            },
            
            "consumablesShop": {
                "title": "<font size='13'><J><p align='center'>Consumíveis</p></font>\n",
                "endBuy": "<p align='center'><a href='event:consumablesShop:endBuy'><N>Finalizar</a></p>",
                "buyMessage": "<p align='center'>Olá, <ROSE>%1<N>. você possui <J>%2 <N>queijos e <R>%3 <N>morangos.\n\nVocê está comprando um total de <CH>%4 <N>consumíveis.\n\nSelecione o método de pagamento:</p>",
                "cancelBuy": "<p align='center'><a href='event:consumablesShop:cancelBuy'>Cancelar</a></p>",
                "buySucess": "<p align='center'>Você comprou <CH>%1 <N>consumíveis por %2%3 <N>%4.</p>",
                "cheeses": "queijos",
                "fraises": "morangos",
                "returnToHome": "<p align='center'><a href='event:consumablesShop:backToHome'>Voltar para o início</a></p>"
            },
            
            "account": {
                "title": "<font size='13'><p align='center'>Gerencie sua conta</p></font>\n",
                "main": "<p align='left'><font size='13'><N>Olá, <ROSE>%1<N>. Aqui você pode gerenciar sua conta</N></ROSE></font></p><N>»<J> <a href='event:changenick'>Alterar nome</a>\n<N>»<J> <a href='event:changepassword'>Alterar senha</a>\n<N>»<J> <a href='event:changeemail'>Alterar e-mail</a>\n<N>»<J> <a href='event:changeavatar'>Alterar avatar</a>",
            },
            
            "staffspecial": {
                "title": "<font size='13'><J><p align='center'>Staff Especial</p></font>\n",
                "main": "<p align='left'><font size='13'><N>Olá, <ROSE>%1<N>.\n<N>Aqui fica alguns sistemas para a staff desfrutar, Escolha abaixo um dos sistemas que queira usar e divirta-se\n\n<N><a href='event:hack:speed'><b>Speed Hack</b></a> <VP>ON<N>/<R>OFF <N><a href='event:hack:fly'><b>Fly Hack</b></a> <VP>ON<N>/<R>OFF <N><a href='event:hack:tp'><b>Teleport Hack</b></a> <VP>ON<N>/<R>OFF\n<N><a href='event:staffspecial:ban'><b>Banir um jogador</b></a></font></p>",
                "banmain": "<p alig='left'><font size='13'><N>Você está na sessão: <VP>Banir um jogador <N>aqui você pode banir um jogador\n<J>Abaixo digite o nome do jogador</font></p>"
            },
            
            "playerOptions": {
                "1title": "<font size='13'><J><p align='center'>Altere seu nome</p></font>\n",
                "1main": "<p align='left'><font size='13'><N>Olá, <ROSE>%1<N>.\n<N>Nesta sessão você pode alterar seu nome atual para o que preferir.\n\nÉ importante que você saiba que a mudança de nome custará <b>300 moedas</b>, mas você só poderá alterá-lo depois de tê-lo feito! <ROSE>Seu nome deve ter pelo menos:\n<N>- <font color='#38666E'><i>Três caracteres</i></font>\n- <N><font color='#38666E'><i>Começar com uma letra maiúscula.</i></font>\n\n<J>Abaixo, digite seu novo nome.</font></p>",
                "2title": "<font size='13'><J><p align='center'>Altere seu e-mail</p></font>\n",
                "2main": "<p align='left'><font size='13'><N>Olá, <ROSE>%1<N>.\n<N>Nesta sessão você poderá vincular/alterar um e-mail para/de sua conta.\n\nÉ importante que você faça essa vinculação, para caso eventualmente você perca o acesso a sua conta de alguma forma, nós iremos pedir o e-mail que você vinculou, se for conciente ao que você nós informou, a nossa equipe irá lhe gerar uma nova senha\n\n<J>Abaixo, digite seu novo e-mail:</p>",
                "3title": "<font size='13'><J><p align='center'>Altere sua senha</p></font>\n",
                "3main": "<p align='left'><font size='13'><N>Olá, <ROSE>%1<N>.\n<N>Nesta sessão você poderá alterar a senha da sua conta.\n\nÉ importante que você faça alterações da sua senha a cada pelo menos 2 meses, para manter a sua conta livre de qualquer invasor que possa eventualmente, de alguma forma, pegar acesso de sua conta. Lembre-se, nossos moderadores <b>NUNCA</b> pedirão a sua senha, portanto não passe!\n\n\n<J>Abaixo, digite sua nova senha:</font></p>",
                "4title": "<font size='13'><J><p align='center'>Altere seu avatar</p></font>\n",
                "4main": "<p align='left'><font size='13'><N>Olá, <ROSE>%1<N>. Nesta sessão você pode alterar o avatar da sua conta.\n\n\n\n\n\n<J>Abaixo, digite o link do seu novo avatar, exemplo: <font color='#759E9F'>https://i.imgur.com/3msAZrh.jpg</font></p>"
            }
        },
    
        "ES": {  
            "fullMenu": {
            "title": "<font size='13'><FC><p align='center'>Bienvenido al Menu!</p></font>\n",
                "main": "<p align='left'><font size='13'><N>Hola, <ROSE>%1<N>.\nAqui usted puede comprar <V>monedas<N>, <V>firsts<N>, <V>cargos<N>, visualizar los <V>comandos<N> existentes del servidor, comprar consumibles, participar en sorteos en la roleta, bajar el <V>Standalone<N> de nuestro Transformice y conoces nuestro equipo.\n\n<ROSE>Escoja la opcion que usted quiera.\n<N><VP>En caso de tener dudas, entre en contacto con el equipo.",
                "inicio": "<a href='event:fullMenu:open'><FJ><N>Início<N></font></a>",
                "lojinha": "<a href='event:shop:open'><font color='#1BB0FB' size='13'><N><N>Tienda</a>",
                "ranking": "<a href='event:ranking:firsts'><font color='#1BB0FB' size='13'><N><N>Ranking</a>",
                "equipe": "<a href='event:equipe:fund'><font color='#1BB0FB' size='13'><N><N>Equipo</a>",
                "roleta": "<a href='event:roleta:open'><font color='#1BB0FB' size='13'><N><N>Ruleta</a>",
                "consumiveis": "<a href='event:consumablesShop:open'><font color='#1BB0FB' size='13'><N><N>Inventário</a>",
                "cor": "<a href='event:changeColor'><font color='#1BB0FB' size='13'><N><N>Color</a>",
                "comandos": "<a href='event:help'><font color='#1BB0FB' size='13'><N><N>Comandos</a>",          
                "stand": "<a href='event:stand'><font color='#1BB0FB' size='13'><N><N>Standalone</a>",
                "radios": "<a href='event:radios'><font size='14'><V>Rádios</font></a>",
                "radios-a": "<a href='event:radios'><N><font size='14'><b>Rádios</b></font></a>",
                "playerOption1": "<a href='event:playerOption-1'><font size='14'><V>Cambiar nombre</a>",
                "playerOption1-a": "<a href='event:playerOption-1'><N><font size='14'><N>Cambiar nombre</b></a>",
                "playerOption2": "<a href='event:playerOption-2'><font size='14'><V>Cambiar el e-mail</a>",
                "playerOption2-a": "<a href='event:playerOption-2'><N><font size='14'><N>Cambiar el e-mail</b></a>",
                "playerOption3": "<a href='event:playerOption-3'><font size='14'><V>Cambiar contraseña</a>",
                "playerOption3-a": "<a href='event:playerOption-3'><N><font size='14'><N>Cambiar contraseña</b></a>",
                "playerOption4": "<a href='event:playerOption-4'><font size='14'><V>Cambiar avatar</a>",
                "playerOption4-a": "<a href='event:playerOption-4'><N><font size='14'><N>Cambiar avatar</b></a>"
            },
            
            "shop": {
                "title": "<font size='13'><J><p align='center'>Tienda</p></font>\n",
                "main": "<font size='13'><J><p align='left'><N>Hola, <ROSE>%1<N>. Usted posee <J>%2 <N>monedas.\n<N>Para abrir una lista de itens disponibles para comprar basta clicar en una de las opciones de abajo.\n\n<VP>O que usted desea comprar, <ROSE>%1<VP>?\n<N>»<J> <a href='event:shop:changeTab-2-1'>Deseo comprar Firsts e Coletados</a>\n<N>»<J> <a href='event:shop:changeTab-8-1'>Deseo comprar Cheeses Collected</a>\n<N>»<J> <a href='event:shop:changeTab-3-1'>Deseo comprar Bootcamps</a>\n<N>»<J> <a href='event:shop:changeTab-4-1'>Deseo comprar Saves <i>(Modo Normal)</i></a>\n<N>»<J> <a href='event:shop:changeTab-5-1'>Deseo comprar Saves <i>(Modo Difícil)</i></a>\n<N>»<J> <a href='event:shop:changeTab-6-1'>Deseo comprar Saves <i>(Modo Divino)</i></a>\n<N>»<J> <a target='_blank' href='http://starkmice.com/lojinha/'>Deseo comprar VIP</a>\n<N>»<J> <a href='event:shop:changeTab-7-1'>Deseo comprar Fichas</a>",
                "header": "<p align='left'><font size='13'><N>Hola, <ROSE>%1<N>. Usted posee <J>%2 <N>monedas.\n\n<N>Abajo una lista de los itens que usted puede comprar con sus monedas:\n",
                "coins": "moedas",
                "confirmBuy": "\n\n<N><p align='center'>Desea realmente comprar o item <J>%1 <N>por <J>%2 <N>monedas?\n\n<V><b><a href='event:shop:confirmBuyItem-%3-%4'>Si</a></b> - <R><b><a href='event:shop:changeTab-%5-%6'>No</a></b></p>",
                "buyErrorNoCoins": "\n\n<N><p align='center'>Usted no tiene monedas suficientes para comprar el item <J>%1\n\n<V><b><a href='event:shop:changeTab-%2-%3'>OK</a></b>",
                "buySucess": "\n\n<N><p align='center'>Ustd compro el item <J>%1 <N>con exicto.\n\n<V><b><a href='event:shop:changeTab-%2-%3'>OK</a></b>",
                "items": {
                    "firsts": {
                        "1": "200 Firsts",
                        "2": "400 Firsts",
                        "3": "600 Firsts",
                        "4": "800 Firsts",
                        "5": "1000 Firsts"
                    },
                    
                    "bootcamps": {
                        "1": "200 Bootcamps",
                        "2": "400 Bootcamps",
                        "3": "600 Bootcamps",
                        "4": "800 Bootcamps",
                        "5": "1000 Bootcamps"
                    },
                    
                    "savesnormal": {
                        "1": "200 Saves (Modo Normal)",
                        "2": "400 Saves (Modo Normal)",
                        "3": "600 Saves (Modo Normal)",
                        "4": "800 Saves (Modo Normal)",
                        "5": "1000 Saves (Modo Normal)"
                    },
                    
                    "savesdificil": {
                        "1": "200 Saves (Modo Difícil)",
                        "2": "400 Saves (Modo Difícil)",
                        "3": "600 Saves (Modo Difícil)",
                        "4": "800 Saves (Modo Difícil)",
                        "5": "1000 Saves (Modo Difícil)"
                    },
                    
                   "savesdivino": {
                        "1": "200 Saves (Modo Divino)",
                        "2": "400 Saves (Modo Divino)",
                        "3": "600 Saves (Modo Divino)",
                        "4": "800 Saves (Modo Divino)",
                        "5": "1000 Saves (Modo Divino)"
                    },
                    
                    "fichas": {
                        "1": "10 Fichas",
                        "2": "20 Fichas",
                        "3": "30 Fichas",
                        "4": "40 Fichas",
                        "5": "50 Fichas"
                    },
                
                    "coletados": {
                        "1": "200 Cheeses Collected",
                        "2": "400 Cheeses Collected",
                        "3": "600 Cheeses Collected",
                        "4": "800 Cheeses Collected",
                        "5": "1000 Cheeses Collected"
                    },
                    
                    "title": {
                        "1": "Título RÉLÁMPÁGO",
                        "2": "Título ¡Ándale! ¡Ándale!",
                        "3": "Título  Alpha & Omega",
                        "4": "Título Virtuoso",
                        "5": "Título Leyenda viva"

                    },
                    
                    "vips": {
                        "1": "Comprar VIP Normal - Permanente",
                        "2": "Comprar VIP Plata - Permanente",
                        "3": "Comprar VIP Oro - Permanente"
                    },
                }
            },
        
            "roleta": {
                "title": "<font size='13'><J><p align='center'>Gire y gane!</p></font>\n",
                "main": "<font size='13'><N>Hola, <ROSE>%1<N>.\nUsted posee hasta el momento <VP>%2 <N>fichas.\n\n<VP><b>Como adquirir fichas?</b>\n<N>Basta comprar en la Tienda al lado con sus monedas.\n\n<VP><b>Premios:</b>\n<N>Usted puede ganar de pocos <ROSE>quesos<N> hasya muchas monedas<N>!"
            },
            
            "equipe": {
                "title": "<font size='13'><J><p align='center'>Conozca al Equipo Staff</p></font>\n",
                "main": "<p align='left'><font size='13'><N>Hola, <ROSE>%1<N>. Escoja el cargo para ver sus miembros.\n\n<N><a href='event:equipe:fund'>» <font color='#0CC6C1'>Dueños</font></a>\n<N><a href='event:equipe:admins'>» <ROSE>Administradores</a>\n<N><a href='event:equipe:coords'>» <VI>Coordenadores</a>\n<N><a href='event:equipe:smods'>» <J>Super Moderadores</a>\n<N><a href='event:equipe:mods'>» <N>Moderadores</a>\n<N><a href='event:equipe:mapcrews'>» <N><font color='#FFCC99'>MapCrews</font></a>\n<N><a href='event:equipe:helpers'>» <N><font color='#3366FF'>Árbitros</font></a>"
            },
            
            "ranking": {
                "title": "<font size='13'><J><p align='center'>Los mejores jugadores</p></font>\n",
                "main": "<font size='13'><J><p align='left'><N>Hola, <ROSE>%1<N>.\n<N>Para ver los mejores jugadores del juego basta clickear en una de las opciones de abajo.\n\n<N>»<J> <a href='event:ranking:firsts'>Firsts</a>\n<N>»<J> <a href='event:ranking:coletados'>Queijos</a>\n<N>»<J> <a href='event:ranking:saves'>Saves</a>\n<N>»<J> <a href='event:ranking:bootcamps'>Bootcamps</a>\n<N>»<J> <a href='event:ranking:moedas'>Monedas</a>\n<N>»<J> <a href='event:ranking:deathmatch'>DeathMatch</a>"
            },
            
            "consumablesShop": {
                "title": "<font size='13'><J><p align='center'>Consumibles</p></font>\n",
                "endBuy": "<p align='center'><a href='event:consumablesShop:endBuy'><N>Finalizar</a></p>",
                "buyMessage": "<p align='center'>Hola, <ROSE>%1<N>. usted posee <J>%2 <N>quesos y <R>%3 <N>fresas.\n\nUsted esta comprando un total de <CH>%4 <N>consumibles.\n\nSelecione el metodo de pago:</p>",
                "cancelBuy": "<p align='center'><a href='event:consumablesShop:cancelBuy'>Cancelar</a></p>",
                "buySucess": "<p align='center'>Usted compro <CH>%1 <N>consumibles por %2%3 <N>%4.</p>",
                "cheeses": "quesos",
                "fraises": "fresas",
                "returnToHome": "<p align='center'><a href='event:consumablesShop:backToHome'>Volver al início</a></p>"
            },
            
            "staffspecial": {
                "title": "<font size='13'><J><p align='center'>Staff Especial</p></font>\n",
                "main": "<p align='left'><font size='13'><N>Hola, <ROSE>%1<N>.\n<N>Aquí quedarán algunos sistemas para el staff :)\n\n<J>(En fase beta)</font></p>",
                "inicio": "<b><a href='event:staffspecial:open'><J>Início</a></b>",
                "banir": "<b><a href='event:staffspecial:ban'><J>Banear</a></b>",
                "mute": "<b><a href='event:staffspecial:mute'><J>Mute</a></b>",
                "kick": "<b><a href='event:staffspecial:kick'><J>Patada</a></b>",
                "bantitle": "<font size='13'><J><p align='center'>Bajar jugadores</p></font>\n",
                "banmain": "<p align='left'><font size='13'><N>Hola, <ROSE>%1<N>.\n<N>Aquí puedes banear a los jugadores</font></p>",
                "mutetitle": "<font size='13'><J><p align='center'>Mute jugadores</p></font>\n",
                "mutemain": "<p align='left'><font size='13'><N>Hola, <ROSE>%1<N>.\n<N>Aquí puedes mutar a los jugadores <J>(EN BREVE)</J></font></p>",
                "kicktitle": "<font size='13'><J><p align='center'>Patada en jugadores</p></font>\n",
                "kickmain": "<p align='left'><font size='13'><N>Hola, <ROSE>%1<N>.\n<N>Aquí usted puede dar patada a los jugadores <J>(EN BREVE)</J></font></p>"
            },
            
            "playerOptions": {
                "1title": "<font size='13'><J><p align='center'>Cambie su nombre</p></font>\n",
                "1main": "<p align='left'><font size='13'><N>Hola, <ROSE>%1<N>.\n<N>En esta sesión podrás cambiar tu nombre actual para lo que prefieras.\n\nEs importante que usted sepa que el cambio de nombre le costará <b>300 monedas</b> más sólo podrás cambiarlo después de relogar! <ROSE>Su nombre debe tener por lo menos:\n<N>- <font color='#38666E'><i>Tres caracteres.</i></font>\n<N>- <font color='#38666E'><i>Comience con 1 letra mayúscula.</i></font>\n\n<J>A continuación, introduzca su nuevo nombre.</font></p>",
                "2title": "<font size='13'><J><p align='center'>Cambia tu e-mail</p></font>\n",
                "2main": "<p align='left'><font size='13'><N>Hola, <ROSE>%1<N>.\n<N>En esta sesión usted puede vincular/cambiar un e-mail a/de su cuenta.\n\nEs importante que usted haga esta vinculación, en caso de que usted pierda el acceso a su cuenta de alguna manera, le pediremos el e-mail que usted vinculó, si es consciente de lo que usted informó, nuestro equipo le dará una nueva contraseña\n\n<J>A continuación, introduzca su dirección de e-mail:</p>",
                "3title": "<font size='13'><J><p align='center'>Cambie su contraseña</p></font>\n",
                "3main": "<p align='left'><font size='13'><N>Hola, <ROSE>%1<N>.\n<N>En esta sesión puede cambiar la contraseña de su cuenta.\n\nEs importante que usted haga cambios de su contraseña cada al menos 2 meses, para mantener su cuenta libre de cualquier intruso que pueda, de alguna manera, obtener acceso a su cuenta. recuerde, nuestros moderadores <b>NUNCA</b> le pedirá su contraseña, así que no pase!\n\n\n<J>A continuación, introduzca su nueva contraseña:</font></p>",
                "4title": "<font size='13'><J><p align='center'>Cambia tu avatar</p></font>\n",
                "4main": "<p align='left'><font size='13'><N>Hola, <ROSE>%1<N>.\n<N>\n\n\n\n<J>A continuación, introduzca el número de su avatar, por ejemplo: <font color='#759E9F'>100</font></p>"
            }
        },
        "EN": {
            "fullMenu": {
                "title": "<font size='13' color='#FFD991'><p align='center'>Welcome to our Menu!</p></font>\n",
                "main": "<p align='left'><font size='13'><N>Hello</font>, <J>%1</font><N>.\n<N>Welcome to the new Menu of our server! Here you can buy <V>coins<N>, <V>firsts<N>, <V>charges<N>, View existing mouse <V>commands<N>, buy consumables, participate in raffles at roulette, download the <V>Standalone<N> of our Transformice and meet our staff who brings it all to you.\n\n<J>In the next menu, choose what you want to do.\n<N><VP>If you have any questions, please contact the staff.",
                "inicio": "<a href='event:fullMenu:open'><FJ><N>Home<N></font></a>",
                "lojinha": "<a href='event:shop:open'><font color='#1BB0FB' size='13'><N>Shop</a>",
                "ranking": "<a href='event:ranking:firsts'><font color='#1BB0FB' size='13'><N>Ranking</a>",
                "equipe": "<a href='event:equipe:fund'><font color='#1BB0FB' size='13'><N>Staff</a>",
                "roleta": "<a href='event:roleta:open'><font color='#1BB0FB' size='13'><N>Roulette</a>",
                "consumiveis": "<a href='event:consumablesShop:open'><font color='#1BB0FB' size='13'><N>Inventory</a>",
                "cor": "<a href='event:changeColor'><font color='#1BB0FB' size='13'><N>Color</a>",
                "comandos": "<a href='event:help'><font color='#1BB0FB' size='13'><N>Commands</a>",
                "stand": "<a href='event:stand'><font color='#1BB0FB' size='13'><N>Standalone</a>",
                "radios": "<a href='event:radios'><font size='14'><V>Radios</font></a>",
                "radios-a": "<a href='event:radios'><font size='15'><N>Radios</font></a>",
                "playerOption1": "<a href='event:playerOption-1'><font size='14'><V>Change name</a>",
                "playerOption1-a": "<a href='event:playerOption-1'><font size='14'><N>Change name</a>",
                "playerOption2": "<a href='event:playerOption-2'><font size='14'><V>Change e-mail</a>",
                "playerOption2-a": "<a href='event:playerOption-2'><font size='14'><N>Change e-mail</a>",
                "playerOption3": "<a href='event:playerOption-3'><font size='14'><V>Change password</a>",
                "playerOption3-a": "<a href='event:playerOption-3'><font size='14'><N>Change password</a>",
                "playerOption4": "<a href='event:playerOption-4'><font size='14'><V>Change avatar</a>",
                "playerOption4-a": "<a href='event:playerOption-4'><font size='14'><N>Change avatar</a>",
            },
            
            "shop": {
                "title": "<font size='13'><J><p align='center'>Buy some things</p></font>\n",
                "main": "<font size='13'><J><p align='left'><N>Hello, <ROSE>%1<N>. You have <J>%2 <N>coins.\n<N>To open a list of items available to buy just click on one of the options below.\n\n<VP>What do you want to buy, <ROSE>%1<VP>?\n<N>»<J> <a href='event:shop:changeTab-2-1'>I want to buy Firsts and Collected</a>\n<N>»<J> <a href='event:shop:changeTab-8-1'>I want to buy cheeses</a>\n<N>»<J> <a href='event:shop:changeTab-3-1'>I want to buy Bootcamps</a>\n<N>»<J> <a href='event:shop:changeTab-4-1'>I want to buy Saves <i>(Normal Mode)</i></a>\n<N>»<J> <a href='event:shop:changeTab-5-1'>I want to buy Saves <i>(Hard Mode)</i></a>\n<N>»<J> <a href='event:shop:changeTab-6-1'>I want to buy Saves <i>(Divine Mode)</i></a>\n<N>»<J> <a target='_blank' href='http://starkmice.com/s2/lojinha/'>I want to buy VIP</a>\n<N>»<J> <a href='event:shop:changeTab-7-1'>I want to buy Tokens</a>",
                "header": "<p align='left'><font size='13'><N>Hello, <ROSE>%1<N>. You have <J>%2 <N>coins.\n\n<N>Here is a list of the items you can buy with your coins:\n",
                "coins": "coins",
                "confirmBuy": "\n\n<N><p align='center'>Do you really want to buy <J>%1 <N>for <J>%2 <N>coins?\n\n<V><b><a href='event:shop:confirmBuyItem-%3-%4'>Yes</a></b> - <R><b><a href='event:shop:changeTab-%5-%6'>No</a></b></p>",
                "buyErrorNoCoins": "\n\n<N><p align='center'>You do not have enough coins to buy the item <J>%1\n\n<V><b><a href='event:shop:changeTab-%2-%3'>OK</a></b>",
                "buySucess": "\n\n<N><p align='center'>You purchased the item <J>%1 <N>successfully.\n\n<V><b><a href='event:shop:changeTab-%2-%3'>OK</a></b>",
                "items": {
                    "firsts": {
                        "1": "200 Firsts",
                        "2": "400 Firsts",
                        "3": "600 Firsts",
                        "4": "800 Firsts",
                        "5": "1000 Firsts"
                    },
                    
                    "bootcamps": {
                        "1": "200 Bootcamps",
                        "2": "400 Bootcamps",
                        "3": "600 Bootcamps",
                        "4": "800 Bootcamps",
                        "5": "1000 Bootcamps"
                    },
                    
                    "savesnormal": {
                        "1": "200 Saves (Normal Mode)",
                        "2": "400 Saves (Normal Mode)",
                        "3": "600 Saves (Normal Mode)",
                        "4": "800 Saves (Normal Mode)",
                        "5": "1000 Saves (Normal Mode)"
                    },
                    
                    "savesdificil": {
                        "1": "200 Saves (Hard Mode)",
                        "2": "400 Saves (Hard Mode)",
                        "3": "600 Saves (Hard Mode)",
                        "4": "800 Saves (Hard Mode)",
                        "5": "1000 Saves (Hard Mode)"
                    },
                    
                    "savesdivino": {
                        "1": "200 Saves (Divine Mode)",
                        "2": "400 Saves (Divine Mode)",
                        "3": "600 Saves (Divine Mode)",
                        "4": "800 Saves (Divine Mode)",
                        "5": "1000 Saves (Divine Mode)"
                    },
                    
                    "fichas": {
                        "1": "10 Tokens",
                        "2": "20 Tokens",
                        "3": "30 Tokens",
                        "4": "40 Tokens",
                        "5": "50 Tokens"
                    },
                    
                    "coletados": {
                        "1": "200 Cheeses Collected",
                        "2": "400 Cheeses Collected",
                        "3": "600 Cheeses Collected",
                        "4": "800 Cheeses Collected",
                        "5": "1000 Cheeses Collected"
                    },

                    "title": {
                        "1": "Título RÉLÁMPÁGO",
                        "2": "Título ¡Ándale! ¡Ándale!",
                        "3": "Título  Alpha & Omega",
                        "4": "Título Virtuoso",
                        "5": "Título Lenda viva"
                    },
                                        
                    "vips": {
                        "1": "Comprar VIP Normal - Permanente",
                        "2": "Comprar VIP Silver - Permanente",
                        "3": "Comprar VIP Gold - Permanente"
                    },
                }
            },
        
            "roleta": {
                "title": "<font size='13'><J><p align='center'>Turn and win!</p></font>\n",
                "main": "<font size='13'><N>Hello, <ROSE>%1<N>.\nYou currently have <VP>%2 <N>tokens.\n\n<VP><b>How to buy tokens?</b>\n<N>Just buy at our next shop with your coins.\n\n<VP><b>Awards & Reviews:</b>\n<N>You can earn from a few <ROSE>cheeses<N> to many currencies and <ROSE>VIP<N>!"
            },
            
            "equipe": {
                "title": "<font size='13'><J><p align='center'>Meet the Developers</p></font>\n",
                "main": "<p align='left'><font size='13'><N>Hello, <ROSE>%1<N>. Choose the post to see its members.\n\n<N><a href='event:equipe:fund'>» <font color='#0CC6C1'>Founders</a>\n<N><a href='event:equipe:admins'>» <ROSE>Administrators</a>\n<N><a href='event:equipe:coords'>» <VI>Coordinators</a>\n<N><a href='event:equipe:smods'>» <J>Super Moderators</a>\n<N><a href='event:equipe:mods'>» <N>Moderators</a>\n<N><a href='event:equipe:mapcrews'>» <N><font color='#FFCC99'>MapCrews</font></a>\n<N><a href='event:equipe:helpers'>» <N><font color='#3366FF'>Referees</font></a>"
            },
            
            "ranking": {
                "title": "<font size='13'><J><p align='center'>The best players</p></font>\n",
                "main": "<font size='13'><J><p align='left'> \n\n<N>»<J> <a href='event:ranking:firsts'>Firsts</a>\n<N>»<J> <a href='event:ranking:coletados'>Cheeses</a>\n<N>»<J> <a href='event:ranking:saves'>Saves</a>\n<N>»<J> <a href='event:ranking:bootcamps'>Bootcamps</a>\n<N>»<J> <a href='event:ranking:moedas'>Coins</a>\n<N>»<J> <a href='event:ranking:deathmatch'>DeathMatch</a>"
            },
            
            "consumablesShop": {
                "title": "<font size='13'><J><p align='center'>Supplies</p></font>\n",
                "endBuy": "<p align='center'><a href='event:consumablesShop:endBuy'><N>Finish</a></p>",
                "buyMessage": "<p align='center'>Hello, <ROSE>%1<N>. you have <J>%2 <N>cheeses and <R>%3 <N>strawberries.\n\nYou are buying a total of <CH>%4 <N>consumables.\n\nSelect the payment method:</p>",
                "cancelBuy": "<p align='center'><a href='event:consumablesShop:cancelBuy'>Cancel</a></p>",
                "buySucess": "<p align='center'>You bought <CH>%1 <N>consumables per %2%3 <N>%4.</p>",
                "cheeses": "cheeses",
                "fraises": "strawberries",
                "returnToHome": "<p align='center'><a href='event:consumablesShop:backToHome'>Back to the home</a></p>"
            },
            
            "account": {
                "title": "<font size='13'><p align='center'>Gerencie sua conta</p></font>\n",
                "main": "<p align='left'><font size='13'><N>Olá, <ROSE>%1<N>. Aqui você pode gerenciar sua conta</N></ROSE></font></p><N>»<J> <a href='event:changenick'>Alterar nome</a>\n<N>»<J> <a href='event:changepassword'>Alterar senha</a>\n<N>»<J> <a href='event:changeemail'>Alterar e-mail</a>\n<N>»<J> <a href='event:changeavatar'>Alterar avatar</a>",
            },
            
            "staffspecial": {
                "title": "<font size='13'><J><p align='center'>Staff Especial</p></font>\n",
                "main": "<p align='left'><font size='13'><N>Olá, <ROSE>%1<N>.\n<N>Aqui fica alguns sistemas para a staff desfrutar, Escolha abaixo um dos sistemas que queira usar e divirta-se\n\n<N><a href='event:hack:speed'><b>Speed Hack</b></a> <VP>ON<N>/<R>OFF <N><a href='event:hack:fly'><b>Fly Hack</b></a> <VP>ON<N>/<R>OFF <N><a href='event:hack:tp'><b>Teleport Hack</b></a> <VP>ON<N>/<R>OFF\n<N><a href='event:staffspecial:ban'><b>Banir um jogador</b></a></font></p>",
                "banmain": "<p alig='left'><font size='13'><N>Você está na sessão: <VP>Banir um jogador <N>aqui você pode banir um jogador\n<J>Abaixo digite o nome do jogador</font></p>"
            },
            
            "playerOptions": {
                "1title": "<font size='13'><J><p align='center'>Change your name</p></font>\n",
                "1main": "<p align='left'><font size='13'><N>Hello, <ROSE>%1<N>.\n<N>In this session you can change your current name to whatever you prefer.\n\nIt is important for you to know that the name change will cost you <b>300 coins</b> but you can only change it after you've done it! <ROSE>Your name must be at least:\n<N>- <font color='#38666E'><i>Three characters.</i></font>\n<N>- <font color='#38666E'><i>Start with 1 uppercase letter.</i></font>\n\n<J>Below, enter your new name.</font></p>",
                "2title": "<font size='13'><J><p align='center'>Change your e-mail</p></font>\n",
                "2main": "<p align='left'><font size='13'><N>Hello, <ROSE>%1<N>.\n<N>In this session you can link/change an email to/from your account.\n\nIt is important that you make this link, in case you eventually lose access to your account in some way, we will ask for the email you linked, if you are aware of what you have informed us, our team will generate a new one password\n\n\n<J>Please enter your e-mail address below:</p>",
                "3title": "<font size='13'><J><p align='center'>Change your password</p></font>\n",
                "3main": "<p align='left'><font size='13'><N>Hello, <ROSE>%1<N>.\n<N>In this session you can change the password of your account.\n\nIt is important that you make changes to your password every two months at least to keep your account free of any intruder that may eventually gain access from your account. Remember, our moderators <b>NEVER</b> will ask for your password, so do not pass!\n\n\n<J>Below, enter your new password:</font></p>",
                "4title": "<font size='13'><J><p align='center'>Change your avatar</p></font>\n",
                "4main": "<p align='left'><font size='13'><N>Hello, <ROSE>%1<N>.\n<N>In this session you can change the avatar of your account.\n\n\n\n\n\n<J>Below, enter your avatar number, for example: <font color='#759E9F'>100</font></p>"
            }
        },
    },
        "shop": {
        "firsts": {
            "1": 2000,
            "2": 4000,
            "3": 6000,
            "4": 8000,
            "5": 10000
        },
        
        "bootcamps": {
            "1": 2000,
            "2": 4000,
            "3": 6000,
            "4": 8000,
            "5": 10000
        },
        
        "savesnormal": {
            "1": 2000,
            "2": 4000,
            "3": 6000,
            "4": 8000,
            "5": 10000
        },
        
        "savesdificil": {
            "1": 2000,
            "2": 4000,
            "3": 6000,
            "4": 8000,
            "5": 10000
        },
        
       "savesdivino": {
            "1": 2000,
            "2": 4000,
            "3": 6000,
            "4": 8000,
            "5": 10000
        },
        
        "vips": {
            "1": 5000,
            "2": 10000,
            "3": 15000,
            "4": 0,
            "5": 0
        },
        
        "fichas": {
            "1": 100,
            "2": 200,
            "3": 300,
            "4": 400,
            "5": 500
        },
        
        "coletados": {
            "1": 2000,
            "2": 4000,
            "3": 6000,
            "4": 8000,
            "5": 10000
        },
         
        "title": {
            "1": 5000,
            "2": 4000,
            "3": 3000,
            "4": 2000,
            "5": 700,
            "6": 750
        },
    
        "badges": {
            "0": [0, 250],
            "1": [1, 250],
            "2": [6, 250],
            "3": [7, 250],
            "4": [9, 250],
            "5": [16, 250],
            "6": [17, 250],
            "7": [18, 250],
            "8": [28, 250],
            "9": [29, 250],
            "10": [30, 250],
            "11": [33, 250],
            "12": [34, 250],
            "13": [35, 250],
            "14": [42, 250],
            "15": [46, 250],
            "16": [47, 250],
            "17": [50, 250],
            "18": [51, 250],
            "19": [55, 250],
            "20": [57, 250],
            "21": [58, 250],
            "22": [59, 250],
            "23": [64, 250],
            "24": [65, 250],
            "25": [71, 250],
            "26": [73, 250],
            "27": [129, 300],
            "28": [130, 300],
            "29": [131, 300],
            "30": [132, 300],
            "31": [133, 300],
            "32": [134, 300],
            "33": [139, 300],
            "34": [142, 300],
            "35": [144, 300],
            "36": [145, 300],
            "37": [147, 300],
            "38": [153, 300],
            "39": [154, 300],
            "40": [158, 300],
            "41": [181, 300],
            "42": [175, 300],
            "43": [178, 300],
            "44": [173, 300],
            "45": [155, 300],
            "46": [156, 300],
            "47": [157, 300],
            "48": [158, 300],
            "49": [159, 300]
        },
        
        "shamanbadges" : {
            "0" : [1, 350],
            "1" : [2, 350],
            "2" : [3, 350],
            "3" : [4, 350],
            "4" : [5, 350],
            "5" : [6, 350],
            "6" : [7, 350],
            "7" : [8, 400],
            "8" : [9, 400],
            "9" : [10, 400],
            "10" : [11, 400],
            "11" : [12, 400],
            "12" : [13, 400],
            "13" : [14, 400],
            "14" : [15, 500],
            "15" : [16, 500],
            "16" : [17, 500],
            "17" : [18, 500],
            "18" : [19, 500],
            "19" : [20, 500],
            "20" : [21, 500],
            "21" : [22, 600],
            "22" : [23, 600],
            "23" : [24, 600],
            "24" : [25, 600]
        }
    },
    
    "consumables": {
        "0": [0, 6, 3],
        "1": [1, 8, 4],
        "2": [2, 6, 3],
        "3": [3, 6, 3],
        "4": [4, 4, 2],
        "5": [5, 8, 4],
        "6": [6, 8, 4],
        "7": [8, 8, 4],
        "8": [10, 4, 2],
        "9": [11, 8, 4],
        "10": [14, 4, 2],
        "11": [15, 4, 2],
        "12": [16, 6, 3],
        "13": [20, 8, 4],
        "14": [21, 9, 5],
        "15": [24, 8, 4],
        "16": [25, 8, 4],
        "17": [26, 8, 4],
        "18": [28, 8, 4],
        "19": [29, 9, 9],
        "20": [30, 9, 9],
        "21": [31, 9, 9],
        "22": [33, 8, 4],
        "23": [34, 9, 9],
        "24": [35, 8, 4],
        "25": [2232, 9, 9],
        "26": [2234, 9, 9],
        "27": [2239, 10, 5],
        "28": [2240, 9, 9],
        "29": [2241, 9, 9],
        "30": [2246, 9, 9],
        "31": [2247, 9, 9],
        "32": [2250, 8, 4],
        "33": [2252, 10, 5],
        "34": [2255, 8, 4],
        "35": [2259, 8, 4],
        "36": [2262, 9, 9]
        
    },
    
        "shopp": {
        "titles": {
            "1": 5000,
            "2": 4000,
            "3": 3000,
            "4": 2000,
            "5": 700,
            "6": 750
        },
        
        "tokens": {
            "1": 750,
            "2": 1500,
            "3": 2250,
            "4": 3000,
            "5": 3750
        },
        
        "badges": {
            "0": [0, 250],
            "1": [1, 250],
            "2": [6, 250],
            "3": [7, 250],
            "4": [9, 250],
            "5": [16, 250],
            "6": [17, 250],
            "7": [18, 250],
            "8": [28, 250],
            "9": [29, 250],
            "10": [30, 250],
            "11": [33, 250],
            "12": [34, 250],
            "13": [35, 250],
            "14": [42, 250],
            "15": [46, 250],
            "16": [47, 250],
            "17": [50, 250],
            "18": [51, 250],
            "19": [55, 250],
            "20": [57, 250],
            "21": [58, 250],
            "22": [59, 250],
            "23": [64, 250],
            "24": [65, 250],
            "25": [71, 250],
            "26": [73, 250],
            "27": [129, 300],
            "28": [130, 300],
            "29": [131, 300],
            "30": [132, 300],
            "31": [133, 300],
            "32": [134, 300],
            "33": [139, 300],
            "34": [142, 300],
            "35": [144, 300],
            "36": [145, 300],
            "37": [147, 300],
            "38": [153, 300],
            "39": [154, 300],
            "40": [158, 300],
            "41": [181, 300],
            "42": [175, 300],
            "43": [178, 300],
            "44": [173, 300],
            "45": [155, 300],
            "46": [156, 300],
            "47": [157, 300],
            "48": [158, 300],
            "49": [159, 300]
        },
        
        "shamanbadges" : {
            "0" : [1, 350],
            "1" : [2, 350],
            "2" : [3, 350],
            "3" : [4, 350],
            "4" : [5, 350],
            "5" : [6, 350],
            "6" : [7, 350],
            "7" : [8, 400],
            "8" : [9, 400],
            "9" : [10, 400],
            "10" : [11, 400],
            "11" : [12, 400],
            "12" : [13, 400],
            "13" : [14, 400],
            "14" : [15, 500],
            "15" : [16, 500],
            "16" : [17, 500],
            "17" : [18, 500],
            "18" : [19, 500],
            "19" : [20, 500],
            "20" : [21, 500],
            "21" : [22, 600],
            "22" : [23, 600],
            "23" : [24, 600],
            "24" : [25, 600]
        }
    },
    
    "consumables": {
        "0": [0, 6, 3],
        "1": [1, 8, 4],
        "2": [2, 6, 3],
        "3": [3, 6, 3],
        "4": [4, 4, 2],
        "5": [5, 8, 4],
        "6": [6, 8, 4],
        "7": [8, 8, 4],
        "8": [10, 4, 2],
        "9": [11, 8, 4],
        "10": [14, 4, 2],
        "11": [15, 4, 2],
        "12": [16, 6, 3],
        "13": [20, 8, 4],
        "14": [21, 9, 5],
        "15": [24, 8, 4],
        "16": [25, 8, 4],
        "17": [26, 8, 4],
        "18": [28, 8, 4],
        "19": [29, 9, 9],
        "20": [30, 9, 9],
        "21": [31, 9, 9],
        "22": [33, 8, 4],
        "23": [34, 9, 9],
        "24": [35, 8, 4],
        "25": [2232, 9, 9],
        "26": [2234, 9, 9],
        "27": [2239, 10, 5],
        "28": [2240, 9, 9],
        "29": [2241, 9, 9],
        "30": [2246, 9, 9],
        "31": [2247, 9, 9],
        "32": [2250, 8, 4],
        "33": [2252, 10, 5],
        "34": [2255, 8, 4],
        "35": [2259, 8, 4],
        "36": [2262, 9, 9]
    }
}