<C><P Ca="" DS="y;362" D="x_evenements/x_fondHalloweenMap2.jpg" /><Z><S><S Y="390" T="12" P="0,0,0.3,0.2,0,0,0,0" L="800" o="12bd94" m="" X="400" H="25" /><S Y="200" T="12" P="0,0,0.3,0.2,-90,0,0,0" L="400" o="12bd94" m="" X="-10" H="20" /><S Y="200" T="12" P="0,0,0,0.2,-90,0,0,0" L="400" o="12bd94" m="" X="810" H="20" /><S Y="231" T="12" P="0,0,0.3,0.2,0,0,0,0" L="60" o="12bd94" m="" X="27" H="10" /><S Y="221" T="12" P="0,0,0.3,0.2,-90,0,0,0" L="30" o="12bd94" m="" X="61" H="10" /><S Y="221" T="12" P="0,0,0.3,0.2,-90,0,0,0" L="30" o="12bd94" m="" X="153" H="10" /><S Y="223" T="12" P="0,0,0.3,0.2,-90,0,0,0" L="30" o="12bd94" m="" X="237" H="10" /><S Y="223" T="12" P="0,0,0.3,0.2,-90,0,0,0" L="30" o="12bd94" m="" X="332" H="10" /><S Y="222" T="12" P="0,0,0.3,0.2,-90,0,0,0" L="30" o="12bd94" m="" X="398" H="10" /><S Y="222" T="12" P="0,0,0.3,0.2,-90,0,0,0" L="30" o="12bd94" m="" X="491" H="10" /><S Y="231" T="12" P="0,0,0.3,0.2,0,0,0,0" L="50" o="12bd94" m="" X="517" H="10" /><S Y="197" T="12" P="0,0,0.3,0.2,30,0,0,0" L="60" o="12bd94" m="" X="468" H="10" /><S Y="198" T="12" P="0,0,0.3,0.2,30,0,0,0" L="60" o="12bd94" m="" X="308" H="10" /><S Y="196" T="12" P="0,0,0.3,0.2,30,0,0,0" L="60" o="12bd94" m="" X="130" H="10" /><S Y="195" T="12" P="0,0,0.3,0.2,-30,0,0,0" L="60" o="12bd94" m="" X="84" H="10" /><S Y="198" T="12" P="0,0,0.3,0.2,-30,0,0,0" L="60" o="12bd94" m="" X="261" H="10" /><S Y="197" T="12" P="0,0,0.3,0.2,-30,0,0,0" L="60" o="12bd94" m="" X="421" H="10" /><S Y="114" T="12" P="0,0,0.3,0.2,0,0,0,0" L="150" o="12bd94" m="" X="531" H="10" /><S Y="231" T="12" P="0,0,0.3,0.2,0,0,0,0" L="80" o="12bd94" m="" X="194" H="10" /><S Y="284" T="12" P="0,0,20,0.2,0,0,0,0" L="140" o="12bd94" m="" X="733" H="110" /><S Y="222" T="12" P="0,0,0.3,0.2,40,0,0,0" L="110" o="12bd94" m="" X="741" H="110" /><S Y="150" T="12" P="0,0,0.3,0.2,0,0,0,0" L="110" o="12bd94" m="" X="747" H="120" /><S Y="231" T="12" P="0,0,0.3,0.2,0,0,0,0" L="60" o="12bd94" m="" X="366" H="10" /><S Y="115" T="12" P="0,0,0.3,0.2,0,0,0,0" L="325" o="12bd94" m="" X="245" H="10" /><S Y="-4" T="12" P="0,0,0.3,0.2,0,0,0,0" L="840" o="12bd94" m="" X="400" H="25" /></S><D /><O /></Z></C>