<C><P N="" /><Z><S><S H="20" L="50" P="0,0,0.3,0.2,0,0,0,0" T="0" X="700" Y="136" /><S H="10" L="160" P="0,0,20,0.2,0,0,0,0" T="4" X="170" Y="260" /><S H="40" L="100" P="0,0,0.3,0.2,0,0,0,0" T="0" X="400" Y="400" /><S H="130" L="120" P="0,0,20,0.2,0,0,0,0" T="4" X="620" Y="190" /><S H="10" L="10" P="0,0,20,0.2,0,0,0,0" T="4" X="355" Y="375" /><S H="10" L="10" P="0,0,20,0.2,0,0,0,0" T="4" X="445" Y="375" /><S H="190" L="10" P="0,0,0,0.2,0,0,0,0" T="1" X="355" Y="170" /><S H="180" L="10" P="0,0,0,0.2,0,0,0,0" T="1" X="430" Y="100" /><S H="40" L="380" P="0,0,0.3,0.2,0,0,0,0" T="0" X="540" Y="264" /><S H="10" L="78" P="0,0,20,0.2,0,0,0,0" T="4" X="160" Y="205" /><S H="119" L="10" P="0,0,0,0.2,0,0,0,0" T="1" X="336" Y="225" /><S H="100" L="20" P="0,0,20,0.2,0,0,0,0" T="4" X="254" Y="215" /><S H="210" L="20" P="0,0,20,0.2,0,0,0,0" T="4" X="345" Y="180" /><S H="170" L="20" P="0,0,0.3,0.2,0,0,0,0" T="0" X="440" Y="105" /><S H="240" L="10" P="0,0,20,0.2,0,0,0,0" T="4" X="20" Y="280" /><S H="113" L="10" P="0,0,20,0.2,0,0,0,0" T="4" X="130" Y="152" /><S H="420" L="20" P="0,0,0.3,0.2,0,0,0,0" T="0" X="10" Y="210" /><S H="130" L="20" P="0,0,0,0.2,0,0,0,0" T="1" X="120" Y="155" /><S H="20" L="460" P="0,0,0,0.2,0,0,0,0" T="0" X="225" Y="20" /><S H="20" L="100" P="0,0,0.3,0.2,0,0,0,0" T="0" X="200" Y="400" /><S H="20" L="40" P="0,0,0.3,0.2,0,0,0,0" T="0" X="20" Y="400" /><S H="20" L="180" P="0,0,0.3,0.2,0,0,0,0" T="0" X="180" Y="90" /><S H="100" L="20" P="0,0,0,0.2,0,0,0,0" T="1" X="259" Y="215" /><S H="20" L="180" P="0,0,0.3,0.2,0,0,0,0" T="0" X="180" Y="270" /><S H="20" L="80" P="0,0,0.3,0.2,0,0,0,0" T="0" X="230" Y="155" /><S H="140" L="10" P="0,0,0,0.2,0,0,0,0" T="1" X="510" Y="141" /><S H="30" L="30" P="0,0,0,1.2,45,0,0,0" T="2" X="775" Y="390" /><S H="20" L="240" P="0,0,0.3,0.2,0,0,0,0" T="0" X="610" Y="80" /><S H="440" L="10" P="0,0,0,0.2,0,0,0,0" T="1" X="780" Y="220" /><S H="20" L="270" P="0,0,0,0.2,0,0,0,0" T="1" X="650" Y="400" /><S H="20" L="90" P="0,0,0.3,0.2,0,0,0,0" T="0" X="154" Y="215" /><S H="142" L="20" P="0,0,0.3,0.2,0,0,0,0" T="0" X="500" Y="140" /><S H="440" L="20" P="0,0,0.3,0.2,0,0,0,0" T="0" X="790" Y="220" /><S H="10" L="10" P="0,0,20,0.2,0,0,0,0" T="4" X="155" Y="385" /><S H="10" L="10" P="0,0,20,0.2,0,0,0,0" T="4" X="245" Y="385" /><S H="10" L="10" P="0,0,20,0.2,0,0,0,0" T="4" X="522" Y="385" /><S H="50" L="50" P="0,0,0.3,0.2,45,0,0,0" T="0" X="620" Y="190" /><S H="50" L="50" P="0,0,20,0.2,0,0,0,0" T="4" X="620" Y="190" /><S H="40" L="40" P="0,0,0.3,0.2,45,0,0,0" T="0" X="620" Y="190" /><S H="160" L="10" P="0,0,0.3,0.2,0,0,0,0" T="0" X="725" Y="205" /></S><D><DS X="400" Y="363" /><F X="390" Y="200" /><T X="200" Y="390" /><DC X="700" Y="225" /><F X="700" Y="235" /><T X="700" Y="200" /></D><O /></Z></C>