<C><P A="" F="0" N="" P="" /><Z><S><S H="34" L="778" P="0,0,0.3,0.2,0,0,0,0" T="6" X="403" Y="359" /></S><D><DC X="122" Y="307" /><DS X="216" Y="286" /><T X="767" Y="343" /><F X="406" Y="139" /></D><O><O C="1" P="0" X="686" Y="327" /><O C="1" P="0" X="614" Y="328" /><O C="1" P="0" X="545" Y="326" /><O C="1" P="0" X="466" Y="329" /><O C="1" P="0" X="385" Y="329" /><O C="1" P="0" X="301" Y="329" /><O C="1" P="0" X="229" Y="328" /><O C="1" P="0" X="163" Y="328" /><O C="1" P="0" X="88" Y="332" /><O C="1" P="0" X="26" Y="324" /><O C="6" P="0" X="422" Y="326" /><O C="6" P="0" X="502" Y="323" /><O C="6" P="0" X="582" Y="325" /><O C="6" P="0" X="649" Y="319" /><O C="6" P="0" X="348" Y="329" /><O C="6" P="0" X="269" Y="327" /><O C="6" P="0" X="196" Y="328" /><O C="6" P="0" X="123" Y="327" /><O C="6" P="0" X="57" Y="328" /><O C="4" P="0" X="395" Y="271" /><O C="12" P="0" X="391" Y="272" /><O C="4" P="0" X="395" Y="179" /><O C="13" P="0" X="400" Y="179" /><O C="28" P="0" X="61" Y="285" /><O C="28" P="0" X="193" Y="298" /><O C="28" P="0" X="279" Y="298" /><O C="28" P="0" X="330" Y="299" /><O C="28" P="0" X="489" Y="313" /><O C="28" P="0" X="608" Y="297" /><O C="28" P="0" X="625" Y="290" /></O></Z></C>