<C><P N="" /><Z><S><S H="274" L="18" P="0,0,20,0.2,0,0,0,0" T="4" X="30" Y="377" /><S H="267" L="25" P="0,0,0,0.2,0,0,0,0" T="1" X="19" Y="363" /><S H="16" L="51" P="0,0,0,0.2,0,0,0,0" T="1" X="32" Y="237" /><S H="180" L="18" P="0,0,20,0.2,0,0,0,0" T="4" X="143" Y="205" /><S H="50" L="19" P="0,0,0,9999,0,0,0,0" T="3" X="155" Y="170" /><S H="10" L="10" P="0,0,20,0.2,0,0,0,0" T="4" X="160" Y="197" /><S H="10" L="10" P="0,0,20,0.2,0,0,0,0" T="4" X="160" Y="140" /><S H="190" L="20" P="0,0,0,0.2,0,0,0,0" T="1" X="151" Y="202" /><S H="100" L="15" P="0,0,20,0.2,7,0,0,0" T="4" X="415" Y="135" /><S H="105" L="15" P="0,0,0,0.2,0,0,0,0" T="1" X="423" Y="137" /><S H="30" L="30" P="0,0,0,0.2,45,0,0,0" T="1" X="429" Y="169" /><S H="40" L="40" P="0,0,0.3,0.2,0,0,0,0" T="0" X="402" Y="170" /><S H="12" L="144" P="0,0,0,9999,0,0,0,0" T="3" X="528" Y="176" /><S H="22" L="70" P="0,0,0,0.2,0,0,0,0" T="1" X="458" Y="177" /><S H="22" L="100" P="0,0,0,0.2,0,0,0,0" T="1" X="601" Y="177" /><S H="25" L="100" P="0,0,0,0.2,0,0,0,0" T="1" X="523" Y="30" /><S H="10" L="501" P="0,0,0,0.2,0,0,0,0" T="1" X="491" Y="23" /><S H="75" L="14" P="0,0,20,0.2,0,0,0,0" T="4" X="720" Y="56" /><S H="45" L="45" P="0,0,0,0.2,45,0,0,0" T="1" X="283" Y="404" /><S H="85" L="78" P="0,0,0.3,0.2,0,0,0,0" T="0" X="324" Y="413" /><S H="171" L="18" P="0,0,0.3,0.2,900,0,0,0" T="0" X="354" Y="369" /><S H="71" L="96" P="0,0,0.3,0.2,0,0,0,0" T="0" X="412" Y="422" /><S H="199" L="22" P="0,0,0,0.2,0,0,0,0" T="1" X="469" Y="354" /><S H="16" L="169" P="0,0,0,9999,0,0,0,0" T="3" X="601" Y="397" /><S H="60" L="81" P="0,0,0,0.2,0,0,0,0" T="1" X="522" Y="412" /><S H="40" L="40" P="0,0,0,0.2,45,0,0,0" T="1" X="747" Y="387" /><S H="120" L="50" P="0,0,0,0.2,0,0,0,0" T="1" X="773" Y="418" /><S H="60" L="130" P="0,0,0,0.2,0,0,0,0" T="1" X="705" Y="412" /><S H="40" L="40" P="0,0,0.3,0.2,0,0,0,0" T="0" X="120" Y="127" /><S H="30" L="345" P="0,0,20,0.2,0,0,0,0" T="4" X="625" Y="19" /></S><D><T X="317" Y="369" /><F X="763" Y="55" /><DS X="444" Y="370" /></D><O /></Z></C>