<C><P F="4" Ca="" L="1600" /><Z><S><S Y="103" T="6" H="15" P="0,0,0.3,0.2,-10,0,0,0" L="200" X="668" /><S Y="103" T="6" X="505" P="0,0,0.3,0.2,15,0,0,0" L="140" H="15" /><S Y="273" T="6" P="0,0,0.3,0.2,15,0,0,0" H="350" L="200" X="493" c="4" /><S Y="94" T="6" H="15" P="0,0,0.3,0.2,-5,0,0,0" L="200" X="345" /><S Y="110" T="6" H="99" P="0,0,0.3,0.2,-10,0,0,0" L="40" X="239" /><S Y="268" T="6" P="0,0,0.3,0.2,-10,0,0,0" c="4" L="200" X="695" H="350" /><S Y="86" T="6" X="211" P="0,0,0.3,0.2,-10,0,0,0" L="40" H="15" /><S Y="155" T="6" H="15" P="0,0,0.3,0.2,-10,0,0,0" L="40" X="220" /><S Y="260" T="6" P="0,0,0.3,0.2,-5,0,0,0" X="359" L="200" H="350" c="4" /><S Y="258" T="6" P="0,0,0.3,0.2,-10,0,0,0" X="265" L="40" H="400" c="4" /><S Y="117" T="6" H="15" P="0,0,0.3,0.2,10,0,0,0" L="40" X="104" /><S Y="179" T="6" X="90" P="0,0,0.3,0.2,10,0,0,0" L="40" H="15" /><S Y="183" T="6" P="0,0,0.3,0.2,5,0,0,0" c="4" L="40" H="400" X="74" /><S Y="344" T="5" P="0,0,0.3,0.2,0,0,0,0" L="20" H="17" X="1017" /><S Y="377" T="6" H="160" P="0,0,0.3,0.2,10,0,0,0" L="120" X="449" /><S Y="432" T="6" H="160" P="0,0,0.3,0.2,0,0,0,0" L="120" X="309" /><S Y="386" T="6" X="408" P="0,0,0.3,0.2,-40,0,0,0" L="120" H="160" /><S Y="431" T="6" H="160" P="0,0,0.3,0.2,0,0,0,0" L="120" X="125" /><S Y="340" T="6" H="160" P="0,0,0.3,0.2,0,0,0,0" L="120" X="632" /><S Y="343" T="6" X="16" P="0,0,0,0.2,-10,0,0,0" L="120" H="160" /><S Y="378" T="6" X="247" P="0,0,0.3,0.2,10,0,0,0" L="40" H="99" /><S Y="354" T="6" X="544" P="0,0,0.3,0.2,-20,0,0,0" L="120" H="160" /><S Y="326" T="6" H="200" P="0,0,0.3,0.2,-10,0,0,0" L="40" X="687" /><S Y="199" T="6" X="552" P="0,0,0.3,0.2,10,0,0,0" L="80" H="15" /><S Y="223" T="6" H="15" P="0,0,0.3,0.2,-10,0,0,0" L="40" X="351" /><S Y="82" T="10" P="0,0,0.3,0,0,0,0,0" X="1217" L="40" H="40" c="4" /><S Y="81" T="10" P="0,0,0.3,0,0,0,0,0" H="40" L="40" X="1378" c="3" /><S Y="228" T="10" P="0,0,0.3,0,0,0,0,0" H="131" L="243" X="1507" c="3" /><S Y="361" T="0" H="20" P="0,0,0.3,0.2,0,0,0,0" L="300" X="1061" /><S Y="403" T="9" H="41" P="0,0,,,,0,0,0" L="264" X="1104" /><S Y="220" T="6" X="172" P="0,0,0.3,0.2,10,0,0,0" L="80" H="15" /><S N="" Y="376" T="10" P="0,0,0.3,0,0,0,0,0" L="400" H="50" X="1400" /><S Y="232" T="6" H="350" P="0,0,0,0.2,0,0,0,0" L="80" X="800" /><S Y="91" T="6" X="929" P="0,0,0,0,0,0,0,0" L="80" H="400" /><S N="" Y="405" T="6" P="0,0,0.3,0.2,20,0,0,0" L="240" X="925" H="100" /><S Y="266" T="10" H="160" P="1,0,0.3,0,0,0,0,0" L="40" X="1296" /><S Y="195" T="10" P="0,0,0.3,0,0,0,0,0" X="1297" L="200" H="200" c="3" /></S><D><DS Y="336" X="136" /><P Y="137" T="46" X="1294" P="0,0" /><T Y="352" X="1580" /><P Y="321" T="108" X="1296" P="1,0" /><P Y="293" T="109" X="1546" P="1,0" /><P Y="185" T="43" X="1089" P="0,0" /><P Y="349" T="44" X="1151" P="1,0" /><P Y="432" T="87" X="204" P="0,0" /><P Y="127" T="84" X="593" P="0,0" /><P Y="261" T="42" X="833" P="0,0" /><P Y="344" T="42" X="896" P="0,0" /><P Y="434" T="42" X="930" P="1,0" /><P Y="471" T="42" X="799" P="1,0" /><P Y="107" T="41" X="474" P="1,0" /><P Y="539" T="1" X="321" P="1,0" /><P Y="476" T="1" X="430" P="1,1" /><P Y="507" T="1" X="627" P="1,1" /><P Y="353" T="0" X="88" P="0,0" /><P Y="352" T="4" X="177" P="0,0" /><P Y="369" T="1" X="52" P="0,0" /><P Y="333" T="6" X="285" P="0,0" /><P Y="102" T="5" X="263" P="0,0" /><P Y="81" T="2" X="401" P="0,0" /><P Y="107" T="3" X="553" P="0,0" /><P Y="81" T="3" X="742" P="0,0" /><P Y="61" T="0" X="811" P="0,0" /><P Y="113" T="11" X="122" P="0,0" /><P Y="153" T="12" X="229" P="0,0" /><P Y="92" T="12" X="339" P="0,0" /><P Y="260" T="12" X="613" P="1,0" /><P Y="524" T="42" X="953" P="1,1" /><P Y="352" T="111" X="1189" P="0,0" /><P Y="57" T="107" X="890" P="1,1" /><P Y="165" T="48" X="1510" P="0,0" /><P Y="352" T="106" X="1016" P="1,0" /></D><O><O C="12" Y="267" X="1296" P="0" /><O Y="318" P="0" X="258" C="22" /><O Y="99" P="0" X="109" C="22" /><O Y="38" P="0" X="772" C="22" /><O Y="330" P="0" X="1087" C="22" /><O Y="335" P="0" X="1453" C="22" /></O></Z></C>