{
    "server":{
        "blacklist": ["transforbest.net",
                      "transforbest.org",
                      "infomice.net"],
        "whitelist": [],
        "allowdomain": ["fb.com",
                        "youtube.com",
                        "hotmail.com",
                        "aol.com",
                        "gmail.com",
                        "facebook.com",
                        "google.com",
                        "outlook.com"],
        "ipbans": ["10.0.0.1",
                    "10.0.0.0"],
        "suspectwords": ["http://www.",
                         "https://www.",
                         "http://",
                         "https://",
                         ".com",
                         ".com.br",
                         ".br",
                         ".net",
                         ".org",
                         ".biz",
                         ".co",
                         ".nz",
                         ".info",
                         ".tk",
                         ".ru",
                         ".xpg"]
        }
}