<C><P F="2" Ca="" /><Z><S><S P="0,0,0.3,0.2,-10,0,0,0" L="120" X="168" H="120" Y="385" T="6" /><S P="0,0,0.3,0.2,-150,0,0,0" L="180" o="324650" X="660" H="10" v="5000" Y="-88" T="12" /><S P="0,0,0.3,0.2,0,0,0,0" L="120" X="60" H="70" Y="368" T="6" /><S P="0,0,0.3,0.2,2,0,0,0" L="240" X="333" H="120" Y="380" T="6" /><S P="0,0,0.3,0.2,2,0,0,0" L="240" X="686" H="120" Y="394" T="6" /><S P="0,0,0.3,0.2,-5,0,0,0" L="80" X="545" H="120" Y="355" T="6" /><S P="0,0,0.3,0.2,-20,0,0,0" L="400" o="ad2951" X="797" H="10" Y="-75" T="12" /></S><D><T Y="333" X="74" /><F Y="332" X="744" /><P X="32" P="0,1" Y="332" T="6" /><P X="206" P="0,0" Y="328" T="2" /><P X="582" P="0,0" Y="336" T="5" /><P X="409" P="0,0" Y="327" T="0" /><P X="292" P="1,0" Y="540" T="1" /><P X="359" P="1,1" Y="507" T="1" /><P X="634" P="1,0" Y="335" T="42" /></D><O><O X="727" P="0" C="1705" Y="-131" /><O X="776" C="1705" P="0" Y="-116" /><O P="0" X="785" C="1705" Y="-116" /><O P="0" C="1705" X="796" Y="-107" /><O X="792" P="0" C="1705" Y="-118" /><O X="773" C="1705" P="0" Y="-118" /><O P="0" X="786" C="1705" Y="-115" /><O P="0" C="1705" X="745" Y="-98" /><O X="757" P="0" C="1705" Y="-105" /><O X="706" C="1705" P="0" Y="-113" /><O P="0" X="776" C="1705" Y="-106" /><O P="0" C="1705" X="798" Y="-115" /><O X="794" P="0" C="1705" Y="-112" /><O X="726" C="1705" P="0" Y="-137" /><O P="0" X="741" C="1705" Y="-95" /><O P="0" C="1705" X="757" Y="-109" /><O X="843" P="0" C="1705" Y="-122" /><O X="791" C="1705" P="0" Y="-110" /><O P="0" X="748" C="1705" Y="-85" /><O P="0" X="746" C="1705" Y="-113" /><O P="0" X="746" C="1705" Y="-113" /><O P="0" X="746" C="1705" Y="-113" /><O P="0" X="746" C="1705" Y="-113" /><O P="0" X="746" C="1705" Y="-113" /><O P="0" X="746" C="1705" Y="-113" /><O P="0" X="746" C="1705" Y="-113" /><O P="0" X="746" C="1705" Y="-113" /><O P="0" X="746" C="1705" Y="-113" /></O></Z></C>