{
    "0": {"sort": 1},
    "1": {"sort": 3, "launchlable": true, "launchObject": 65},
    "2": {"sort": 1},
    "3": {"sort": 1},
    "4": {"sort": 1, "img": "4"},
    "5": {"sort": 2, "launchlable": true, "launchObject": 6},
    "6": {"sort": 3, "launchlable": true, "launchObject": 34},
    "7": {"sort": 0},
    "8": {"sort": 2, "launchlable": true, "launchObject": 89},
    "9": {"sort": 5},
    "10": {"sort": 1, "launchlable": true},
    "11": {"sort": 3, "launchlable": true, "launchObject": 90},
    "12": {"sort": 3},
    "13": {"sort": 4},
    "14": {"sort": 2},
    "15": {"sort": 2},
    "16": {"sort": 1},
    "17": {"sort": 3},
    "18": {"sort": 4},
    "19": {"sort": 5},
    "20": {"sort": 2, "launchlable": true, "launchObject": 33},
    "21": {"sort": 1},
    "22": {"sort": 4},
    "23": {"sort": 1},
    "24": {"sort": 1, "launchObject": 63},
    "25": {"sort": 2, "launchObject": 80},
    "26": {"sort": 2, "launchlable": true, "launchObject": 95},
    "27": {"sort": 4},
    "28": {"sort": 1},
    "29": {"sort": 1, "letter": true},
    "30": {"sort": 1, "letter": true},
    "31": {"sort": 5, "pet": 2},
    "32": {"sort": 0},
    "33": {"sort": 1},
    "34": {"sort": 5, "pet": 3},
    "35": {"sort": 2},
    "407": {"sort": 4},
    "800": {"sort": 0},
    "801": {"sort": 0},
    "2232": {"sort": 1},
    "2234": {"sort": 2},
    "2239": {"sort": 1},
    "2240": {"sort": 5, "pet": 4},
    "2241": {"sort": 1, "letter": true},
    "2246": {"sort": 2},
    "2247": {"sort": 5, "pet": 5},
    "2250": {"sort": 3, "launchlable": true, "launchObject": 97},
    "2251": {"sort": 4},
    "2252": {"sort": 3, "pencil": "56c93e"},
    "2253": {"sort": 0, "blockUse": true, "blockTrade": true},
    "2254": {"sort": 0, "blockUse": true, "blockTrade": true},
    "2255": {"sort": 1},
    "2256": {"sort": 3, "pencil": "c93e4a"},
    "2257": {"sort": 0, "blockUse": true, "blockTrade": true},
    "2258": {"sort": 4},
    "2259": {"sort": 1},
    "2260": {"sort": 0, "blockUse": true, "blockTrade": true},
    "2261": {"sort": 0, "blockUse": true, "blockTrade": true},
    "2262": {"sort": 5, "pet": 6},
    "2308": {"sort": 4},
    "2330": {"sort": 1, "letter": true},
    "2332": {"sort": 5, "pet": 7},
    "2340": {"sort": 5, "pet": 8},
    "2343": {"sort": 0, "blockUse": true, "blockTrade": true},
    "2346": {"sort": 1},
    "2349": {"sort": 3, "pencil": "52bbfb"},
    "2351": {"sort": 1, "letter": true},
    "2378" : {"sort": 0},
    "2379" : {"sort": 3, "pencil": "ff8400"}
}