{
    "NPC": {
        "Oracle": [-1, 299, "61;0,0,0,0,0,19_3d100f+1fa896+ffe15b,0,0,0", 2187, 381, false, true, 11, ""],
        "Papaille": [-2, 298, "4;2,0,2,2,0,0,0,0,1", 2394, 209, false, true, 11, ""],
        "Elise": [-3, 349, "3;10,0,1,0,1,0,0,1,0", 2329, 209, false, true, 11, ""],
        "Buffy": [-4, 347, "$Buffy", 1908, 499, false, true, 11, ""],
        "Indiana Mouse": [-5, 296, "45;0,0,0,0,0,0,0,0,0", 174, 714, false, true, 11, ""],
        "Prof": [-6, 327, "$Proviseur", 289, 715, false, true, 11, ""],
        "Cassidy": [-7, 280, "$Barman", 2770, 549, false, true, 11, ""],
        "Von Drekkemouse": [-8, 287, "$Halloween", 1672, 378, false, true, 11, ""],
		"Bubble": [-0, 8016, "95;0,9_654526,0,64_cda681+f89d9c+ee8680,17_b04f48+ffffff,6_854c34+854c34+b04f48+ee8680,0,12,0", 1649, 580, false, true, 11, ""],
		"King Fromagnus": [-9, 336, "55;132,0,0,0,3_FCF3E8,0,0,0,0;78583A", 2970, 549, false, true, 11, ""],
		"Easter Chappie": [-10, 8015, "79;4_333333,4_1C1313,0,1_13100C,0,0,0,0,0;78583A", 789, 715, false, true, 11, ""],	
		"Special Girl": [-11, 8009, "97;57_ffe8d7,9_403a46,28_ffe8d7+ffe8d7+ffe8d7+3d3745,45_fb2f2f,25_ffe8d7+3d3745,0,0,3,0", 1450, 715, false, true, 11, ""],	
		"Hero's Valor": [-12, 8011, "1;17,0,0,0,0,7_D56CA5[BB3C7F,28_4BA8FF[E5F2FF[ECEAD1[FFD512,0,1_;272220", 2970, 349, false, true, 11, ""]	
		
    },

    "Shop": {
        "Oracle": [
            [1, 145, 1, 4, 2253, 200],
            [2, 16, 1, 4, 2253, 150],
            [2, 28, 1, 4, 2253, 150],
            [2, 20, 1, 4, 2253, 150],
            [2, 24, 1, 4, 2253, 150],
            [2, 21, 1, 4, 2253, 150],
            [3, 390, 1, 4, 2253, 50],
            [3, 391, 1, 4, 2253, 200],
            [3, 399, 1, 4, 2253, 150]            
        ],

        "Papaille": [
            [4, 800, 50, 4, 2253, 50],
            [4, 800, 50, 4, 2254, 50],
            [4, 800, 50, 4, 2260, 50],
            [4, 800, 50, 4, 2261, 50],
			[4, 801, 50, 4, 2253, 50],
            [4, 801, 50, 4, 2254, 50],
            [4, 801, 50, 4, 2260, 50],
            [4, 801, 50, 4, 2261, 50],
			[4, 800, 200, 4, 2253, 200],
            [4, 800, 200, 4, 2254, 200],
            [4, 800, 200, 4, 2260, 200],
            [4, 800, 200, 4, 2261, 200],
			[4, 801, 200, 4, 2253, 200],
            [4, 801, 200, 4, 2254, 200],
            [4, 801, 200, 4, 2260, 200],
            [4, 801, 200, 4, 2261, 200]			
			
        ],

        "Elise": [
            [4, 21, 5, 4, 2253, 1],
            [4, 2246, 3, 4, 2253, 2],
            [4, 18, 3, 4, 2254, 4],
            [4, 16, 1, 4, 2254, 1],
            [4, 6, 1, 4, 2260, 3],
            [4, 13, 2, 4, 2260, 4],
            [4, 9, 1, 4, 2261, 5],
            [4, 14, 3, 4, 2261, 2]
        ],

        "Buffy": [
            [1, 147, 1, 4, 2254, 200],
            [2, 17, 1, 4, 2254, 150],
            [3, 392, 1, 4, 2254, 50],
            [3, 398, 1, 4, 2254, 150]
        ],

        "Indiana Mouse": [            
            [1, 17, 1, 4, 2257, 50],
            [1, 6, 1, 4, 2257, 50],           
            [2, 3, 1, 4, 2257, 50], 
			[2, 1, 1, 4, 2254, 150], 
			[2, 2, 1, 4, 2254, 150], 
			[2, 3, 1, 4, 2254, 150], 
			[2, 4, 1, 4, 2254, 150], 
			[2, 5, 1, 4, 2254, 150], 
			[2, 6, 1, 4, 2254, 150], 
			[2, 7, 1, 4, 2254, 150], 
			[2, 8, 1, 4, 2254, 150], 
			[2, 9, 1, 4, 2254, 150], 
			[2, 10, 1, 4, 2254, 150], 
			[2, 11, 1, 4, 2254, 150], 
			[2, 12, 1, 4, 2254, 150], 
			[2, 13, 1, 4, 2254, 150], 
			[2, 14, 1, 4, 2254, 150], 
			[2, 15, 1, 4, 2254, 150], 
			[2, 16, 1, 4, 2254, 150], 
			[2, 17, 1, 4, 2254, 150], 
			[2, 18, 1, 4, 2254, 150], 
			[2, 19, 1, 4, 2254, 150], 
			[2, 20, 1, 4, 2254, 150], 
			[2, 21, 1, 4, 2254, 150], 
			[2, 22, 1, 4, 2254, 150], 
			[2, 23, 1, 4, 2254, 150], 
			[2, 24, 1, 4, 2254, 150], 
			[2, 25, 1, 4, 2254, 150], 
			[2, 26, 1, 4, 2254, 150], 
			[2, 27, 1, 4, 2254, 150], 
			[2, 28, 1, 4, 2254, 150]
        ],

        "Prof": [
            [1, 71, 1, 4, 2257, 5],
            [1, 73, 1, 4, 2257, 5],
            [1, 131, 1, 4, 2257, 5],
            [1, 134, 1, 4, 2257, 5],
            [1, 188, 1, 4, 2257, 5],
			[1, 190, 1, 4, 2257, 5],
            [1, 193, 1, 4, 2257, 5],
            [1, 182, 1, 4, 2257, 5],
            [1, 193, 1, 4, 2257, 5],
            [1, 202, 1, 4, 2257, 5]
        ],

        "Cassidy": [
            [3, 400, 1, 4, 2261, 100],
            [2, 23, 1, 4, 2261, 150],
            [1, 154, 1, 4, 2261, 200]
        ],

        "Von Drekkemouse": [
            [1, 153, 1, 4, 2260, 200],
            [2, 22, 1, 4, 2260, 150],
            [3, 401, 1, 4, 2260, 100]
        ],
		
		"Bubble": [
            [4, 2240, 5, 4, 2254, 5],
            [4, 2340, 5, 4, 2254, 5],
			[4, 2262, 3, 4, 2254, 5]
            
        ],
		
		"King Fromagnus": [
            [4, 2257, 5, 4, 800, 50],            
            [4, 2343, 5, 4, 801, 50],
			[4, 2257, 25, 4, 800, 175],            
            [4, 2343, 25, 4, 801, 175]
			
		],
  		
		"Easter Chappie": [
            [1, 55, 1, 4, 2343, 5],
            [1, 35, 1, 4, 2343, 5],
            [1, 30, 1, 4, 2343, 5],
            [1, 16, 1, 4, 2343, 5],
            [1, 18, 1, 4, 2343, 5],
			[1, 57, 1, 4, 2343, 5],
            [1, 58, 1, 4, 2343, 5],
            [1, 59, 1, 4, 2343, 5],
            [1, 169, 1, 4, 2343, 5],
            [1, 139, 1, 4, 2343, 5]
			
		],

        "Special Girl": [
		    [3, 3720, 1, 4, 2343, 25],
            [3, 3721, 1, 4, 2343, 25],
            [3, 3722, 1, 4, 2343, 25],
            [3, 3723, 1, 4, 2343, 25],
            [3, 3724, 1, 4, 2343, 25], 
            [2, 29, 1, 4, 2343, 25],
            [2, 30, 1, 4, 2343, 25],
			[2, 31, 1, 4, 2343, 25],
			[2, 32, 1, 4, 2343, 25],
			[2, 33, 1, 4, 2343, 25],
			[2, 34, 1, 4, 2343, 25]
		],
		
        "Hero's Valor": [
		    [3, 255, 1, 4, 2253, 50],
            [3, 394, 1, 4, 2253, 50],
            [3, 395, 1, 4, 2253, 50],
            [3, 320, 1, 4, 2253, 50],
            [3, 397, 1, 4, 2253, 50],
            [3, 402, 1, 4, 2253, 50],
            [3, 341, 1, 4, 2253, 50],
            [3, 403, 1, 4, 2253, 50],
            [3, 335, 1, 4, 2253, 50],
            [3, 417, 1, 4, 2253, 50],
			[3, 393, 1, 4, 2253, 50]
			
		]	
        			
		
    }
}