[
    {
        "category": 4,
        "item": 8,
        "discount": 50,
        "time": 1580162048,
        "promotion" : true
    },
    {
        "category": 6,
        "item": 15,
        "discount": 30,
        "time": 1580162048,
        "promotion" : true
    },
    {
        "category": 22,
        "item": 54,
        "discount": 50,
        "time": 1580162048,
        "promotion" : true,
        "popup": true
    },
    {
        "shamanItem": 2813,
        "discount": 20,
        "time": 1580162048,
        "promotion" : true
    },
    {
        "category": 22,
        "item": 105,
        "time": 1580190720,
        "promotion" : false
    },
    {
        "category": 8,
        "item": 4,
        "time": 1580190720,
        "promotion" : false
    },
    {
        "category": 5,
        "item": 32,
        "time": 1580190720,
        "promotion" : false
    },
    {
        "shamanItem": 2817,
        "time": 1580190720,
        "promotion" : false
    }
]