{
    "208": {
        "look": "95;0,9_654526,0,64_cda681+f89d9c+ee8680,17_b04f48+ffffff,6_854c34+854c34+b04f48+ee8680,0,12,0",
        "image": 2,
        "discount": 20,
        "noCustoms": [],
        "freeCustoms": []
    },

    "207": {
        "look": "97;57_ffe8d7,9_403a46,28_ffe8d7+ffe8d7+ffe8d7+3d3745,45_fb2f2f,25_ffe8d7+3d3745,0,0,3,0",
        "image": 0,
        "discount": 20,
        "noCustoms": [],
        "freeCustoms": []
    },
	
	"182": {
        "look": "62;55_5c7841,0,35_78a34e+c2761a+dec09c+c2761a+78a34e,4_dec09c+dec09c,3_d48b32,13_d48b32,25_202427+5c7841+d48b32+dec09c+c2761a+ffffff+ffffff+78a34e,4",
        "image": 0,
        "discount": 20,
        "noCustoms": ["4"],
        "freeCustoms": ["3_d48b32", "13_d48b32"]
    },
	
	"192": {
        "look": "72;0,6_636b94+ecdede,8_ecdede+636b94,61_ecdede+464e62+636b94,0,2_464e62,0,4,0",
        "image": 0,
        "discount": 20,
        "noCustoms": ["4"],
        "freeCustoms": ["3_d48b32", "13_d48b32"]
    },
	
	"6": {
        "look": "6;2_ffcf74,0,0,61_fc9b9b+f1efe8+ddaf57,30_fafafa+fc9b9b+745b47,11_6e4b35+fc9b9b,16_dba1a1+ddaf57+ddaf57,12,0",
        "image": 0,
        "discount": 20,
        "noCustoms": ["4"],
        "freeCustoms": ["3_d48b32", "13_d48b32"]
    },
	
	"1253": {
        "look": "70;0,4_c3b85,0,4_c3b85+cc237a,11_cc237a+f7f1e5,24_babaf9+bbbbde+b8b8df+bebef3,1_3d9e3c+bae5f9,0,0",
        "image": 0,
        "discount": 20,
        "noCustoms": ["4"],
        "freeCustoms": ["3_d48b32", "13_d48b32"]
    },
	
	"1254": {
        "look": "93;155_cbac7b+eae3d7,0,29_dbc6b1+ed80c4+efe9ca+fac860+d9c595+faf5ef+bfbcac,40_f5dc5b+cdaa6f,0,3_6c542b,31_e9ca96+f8e4ed,10,0",
        "image": 0,
        "discount": 20,
        "noCustoms": ["4"],
        "freeCustoms": ["3_d48b32", "13_d48b32"]
    },
	
	
}
