{
    "22": {
		"115": [0, 1, 0, 6000, 500, 0],
		"114": [0, 1, 0, 6000, 500, 0],
		"113": [0, 1, 0, 6000, 500, 0],
		"112": [0, 1, 0, 6000, 500, 0],
		"111": [0, 1, 0, 6000, 500, 0],
		"110": [0, 1, 0, 6000, 500, 0],
		"109": [0, 1, 0, 6000, 500, 0],
		"108": [0, 1, 0, 6000, 500, 0],
        "107": [0, 0, 0, 6000, 500, 0],
        "106": [0, 0, 0, 6000, 400, 0],     
        "105": [0, 1, 0, 5500, 400, 0],
        "104": [0, 0, 0, 5500, 400, 0],
        "103": [0, 0, 0, 5500, 400, 0],
        "102": [0, 0, 0, 5500, 400, 0],
        "101": [0, 0, 0, 5500, 400, 0],
        "100": [0, 0, 0, 5500, 400, 0],
        "99": [0, 0, 0, 6000, 500, 0],
        "98": [0, 0, 0, 5500, 400, 0],
        "97": [0, 0, 0, 5500, 400, 0],
        "96": [0, 0, 0, 5500, 400, 0],
        "95": [0, 0, 0, 5500, 400, 0],
        "94": [0, 0, 0, 5500, 400, 0],
        "93": [0, 0, 0, 5500, 400, 0],
        "92": [0, 0, 0, 6000, 500, 0],
        "91": [0, 0, 0, 5500, 400, 0],
        "90": [0, 0, 0, 5500, 400, 0],
        "89": [0, 0, 0, 5500, 400, 0],
        "88": [0, 0, 0, 6000, 400, 0],
        "87": [0, 0, 0, 5500, 350, 0],
        "86": [0, 0, 0, 5500, 400, 0],
        "85": [0, 0, 0, 5500, 400, 0],
        "84": [0, 0, 0, 6000, 400, 0],
        "83": [0, 0, 0, 5500, 350, 0],
        "82": [0, 0, 0, 6000, 450, 0],
        "81": [0, 0, 0, 7000, 500, 0],
        "80": [0, 0, 0, 6000, 400, 0],
        "79": [0, 0, 0, 5500, 350, 0],
        "78": [0, 0, 0, 8000, 450, 0],
        "77": [0, 0, 0, 6000, 450, 0],
        "76": [0, 0, 0, 6000, 400, 0],
        "75": [0, 0, 0, 6000, 400, 0],
        "74": [0, 0, 0, 6000, 350, 0],
        "73": [0, 0, 0, 7500, 430, 0],
        "72": [0, 0, 0, 7000, 400, 0],
        "71": [0, 0, 0, 6000, 350, 0],
        "70": [0, 0, 0, 6000, 350, 0],
        "69": [0, 0, 0, 15000, 0, 2268],
        "68": [0, 0, 0, 10000, 0, 2267],
        "67": [0, 0, 0, 5000, 0, 0],
        "66": [0, 0, 0, 6000, 400, 0],
        "65": [0, 0, 0, 5000, 300, 0],
        "64": [0, 0, 0, 6000, 350, 0],
        "63": [0, 0, 0, 6000, 380, 0],
        "62": [0, 0, 0, 6500, 350, 0],
        "61": [0, 0, 0, 8500, 550, 0],
        "60": [0, 0, 0, 6500, 350, 0],
        "59": [0, 0, 0, 7000, 400, 0],
        "58": [0, 0, 0, 7000, 400, 0],
        "57": [0, 0, 0, 5500, 350, 0],
        "56": [0, 0, 0, 7000, 400, 0],
        "55": [0, 0, 0, 6500, 400, 0],
        "54": [0, 0, 0, 7000, 350, 0],
        "53": [0, 0, 0, 6000, 400, 0],
        "52": [0, 0, 0, 8000, 500, 0],
        "51": [0, 0, 0, 6000, 400, 0],
        "50": [0, 0, 0, 7000, 450, 0],
        "49": [0, 0, 0, 6000, 400, 0],
        "48": [0, 0, 0, 8000, 500, 0],
        "47": [0, 0, 0, 7000, 375, 0],
        "46": [0, 0, 0, 7500, 450, 0],
        "45": [0, 0, 0, 6000, 400, 0],
        "44": [0, 0, 0, 6500, 400, 0],
        "43": [0, 0, 0, 7000, 400, 0],
        "42": [0, 0, 0, 6000, 400, 0],
        "41": [0, 0, 0, 6000, 350, 0],
        "39": [0, 0, 0, 7000, 400, 0],
        "38": [0, 0, 0, 6000, 350, 0],
        "37": [0, 0, 0, 6000, 400, 0],
        "36": [0, 0, 0, 7000, 400, 0],
        "35": [0, 0, 0, 6000, 400, 0],
        "34": [0, 0, 0, 6000, 350, 0],
        "33": [0, 0, 0, 6000, 400, 0],
        "32": [0, 0, 0, 7000, 400, 0],
        "31": [0, 0, 0, 6000, 350, 0],
        "30": [0, 0, 0, 7000, 400, 0],
        "29": [0, 0, 0, 7000, 400, 0],
        "28": [0, 0, 0, 8000, 450, 0],
        "27": [0, 0, 0, 6000, 350, 0],
        "26": [0, 0, 0, 7000, 400, 0],
        "25": [0, 0, 0, 5000, 360, 0],
        "24": [0, 0, 0, 7000, 500, 0],
        "23": [0, 0, 0, 7000, 500, 0],
        "22": [0, 0, 0, 6000, 300, 0],
        "21": [0, 0, 0, 6000, 300, 0],
        "20": [0, 0, 0, 7000, 400, 0],
        "19": [0, 0, 0, 7000, 400, 0],
        "18": [0, 0, 0, 6000, 400, 0],
        "17": [0, 0, 0, 6000, 300, 0],
        "16": [0, 0, 0, 6000, 400, 0],
        "15": [0, 0, 0, 6000, 400, 0],
        "14": [0, 0, 0, 6000, 300, 0],
        "13": [0, 0, 0, 6000, 300, 0],
        "12": [0, 0, 0, 6500, 325, 0],
        "11": [0, 0, 0, 7000, 350, 0],
        "10": [0, 0, 0, 6000, 400, 0],
        "9": [0, 0, 0, 7000, 400, 0],
        "8": [0, 0, 0, 10000, 400, 0],
        "7": [0, 0, 0, 8000, 350, 0],
        "6": [0, 0, 0, 6000, 300, 0],
        "5": [0, 0, 0, 6000, 300, 0],
        "4": [0, 0, 0, 6000, 300, 0],
        "3": [0, 0, 0, 6000, 300, 0],
        "2": [0, 0, 0, 6000, 300, 0]
    },
    
    "21": {
        "6": [0, 0, 0, 3000, 150, 0],
        "5": [0, 0, 0, 3000, 150, 0],
        "4": [0, 0, 0, 3000, 150, 0],
        "3": [0, 0, 0, 3000, 150, 0],
        "2": [0, 0, 0, 3000, 150, 0],
        "1": [0, 0, 0, 1000, 50, 0],
        "0": [0, 0, 0, 1000, 50, 0]
    },

    "8": {
	    "90": [3, 1, 0, 457, 34, 0],
	    "11": [3, 1, 0, 764, 56, 0],
	    "10": [3, 1, 0, 457, 76, 0],
	    "9": [3, 1, 0, 347, 79, 0],
	    "8": [3, 1, 0, 555, 55, 0],
	    "7": [4, 1, 0, 1400, 250, 0],
        "6": [2, 0, 0, 1200, 200, 0],
        "5": [1, 0, 0, 1100, 180, 0], 
        "4": [4, 1, 0, 1400, 250, 0],
        "3": [2, 0, 0, 1200, 200, 0],
        "2": [1, 0, 0, 1100, 180, 0],
        "1": [2, 0, 0, 1200, 200, 0]
    },
    
    "7": {
        "92": [0, 0, 0, 777, 77, 0],
        "91": [0, 0, 0, 777, 77, 0],
        "90": [0, 0, 0, 777, 77, 0],
        "21": [0, 0, 0, 160, 50, 0],
        "20": [0, 0, 0, 160, 50, 0],
        "19": [0, 0, 0, 160, 50, 0],
        "18": [0, 0, 0, 160, 50, 0],
        "17": [0, 0, 0, 160, 50, 0],
        "16": [0, 0, 0, 160, 50, 0],
        "15": [0, 0, 0, 160, 50, 0],
        "14": [0, 0, 0, 160, 50, 0],
        "13": [0, 0, 0, 160, 50, 0],
        "12": [0, 0, 0, 120, 30, 0],
        "11": [0, 0, 0, 170, 60, 0],
        "10": [0, 0, 0, 200, 80, 0],
        "9": [3, 0, 13, 300, 120, 0],
        "8": [0, 0, 0, 250, 100, 0],
        "7": [0, 0, 0, 200, 80, 0],
        "6": [0, 0, 0, 200, 80, 0],
        "5": [0, 0, 0, 250, 100, 0],
        "4": [0, 0, 0, 100, 30, 0],
        "3": [0, 0, 0, 150, 40, 0],
        "2": [0, 0, 0, 100, 30, 0],
        "1": [0, 0, 0, 150, 40, 0]
    },
    
    "6": {
        "32": [3, 0, 13, 1000, 100, 0],
        "31": [2, 0, 13, 1200, 100, 0],
        "30": [5, 0, 0, 900, 100, 0],
        "29": [2, 0, 0, 800, 80, 0],
        "28": [4, 0, 0, 1000, 80, 0],
        "27": [2, 0, 0, 1000, 120, 0],
        "26": [5, 0, 0, 1200, 100, 0],
        "25": [8, 0, 0, 1000, 100, 0],
        "24": [5, 0, 0, 1200, 120, 0],
        "23": [6, 0, 0, 1500, 120, 0],
        "22": [7, 0, 0, 1500, 100, 0],
        "21": [2, 0, 0, 1500, 150, 0],
        "20": [2, 0, 0, 1000, 80, 0],
        "19": [3, 0, 0, 3000, 200, 0],
        "18": [2, 0, 0, 1000, 100, 0],
        "17": [4, 0, 0, 800, 80, 0],
        "16": [3, 0, 0, 1000, 100, 0],
        "15": [10, 0, 0, 1500, 150, 0],
        "14": [2, 0, 0, 1000, 100, 0],
        "13": [3, 0, 0, 900, 100, 0],
        "12": [2, 0, 0, 800, 80, 0],
        "11": [3, 0, 0, 1500, 150, 0],
        "10": [2, 0, 0, 800, 80, 0],
        "9": [2, 0, 0, 1000, 100, 0],
        "8": [4, 0, 0, 2000, 200, 0],
        "7": [3, 0, 0, 1500, 150, 0],
        "6": [4, 0, 0, 1500, 150, 0],
        "5": [3, 0, 0, 1000, 80, 0],
        "4": [2, 0, 0, 1000, 150, 0],
        "3": [1, 0, 0, 1000, 100, 0],
        "2": [1, 0, 0, 800, 80, 0],
        "1": [2, 0, 0, 2000, 200, 0]
    },
    
    "5": {
	    "44": [3, 1, 0, 380, 60, 0],
	    "43": [3, 1, 0, 380, 60, 0],
	    "42": [3, 1, 0, 380, 60, 0],
	    "41": [3, 1, 0, 380, 60, 0],
	    "40": [3, 1, 0, 380, 60, 0],
	    "39": [3, 1, 0, 380, 60, 0],
	    "38": [3, 1, 0, 380, 60, 0],
	    "37": [3, 1, 0, 380, 60, 0],
        "36": [2, 0, 0, 350, 50, 0],
        "35": [4, 0, 0, 300, 40, 0],
        "34": [5, 0, 0, 350, 50, 0],
        "33": [9, 0, 0, 300, 50, 0],
        "32": [4, 0, 0, 380, 60, 0],
        "31": [5, 0, 13, 350, 50, 0],
        "30": [1, 0, 13, 300, 40, 0],
        "29": [3, 0, 13, 350, 50, 0],
        "28": [2, 0, 13, 300, 50, 0],
        "27": [3, 0, 13, 350, 40, 0],
        "26": [2, 0, 0, 400, 60, 0],
        "25": [1, 0, 0, 250, 40, 0],
        "24": [4, 0, 13, 300, 40, 0],
        "23": [1, 0, 0, 300, 40, 0],
        "22": [1, 0, 0, 300, 40, 0],
        "21": [6, 0, 0, 900, 100, 0],
        "20": [2, 0, 0, 800, 80, 0],
        "19": [3, 0, 0, 1000, 110, 0],
        "18": [2, 0, 0, 200, 40, 0],
        "17": [2, 0, 0, 1000, 100, 0],
        "16": [1, 0, 0, 250, 40, 0],
        "15": [2, 0, 0, 250, 40, 0],
        "14": [1, 0, 0, 150, 20, 0],
        "13": [1, 0, 0, 400, 40, 0],
        "12": [1, 0, 0, 200, 40, 0],
        "11": [2, 0, 0, 200, 40, 0],
        "10": [2, 0, 0, 200, 40, 0],
        "9": [2, 0, 0, 400, 40, 0],
        "8": [4, 0, 0, 300, 40, 0],
        "7": [2, 0, 0, 300, 40, 0],
        "6": [4, 0, 0, 300, 40, 0],
        "5": [1, 0, 0, 400, 40, 0],
        "4": [1, 0, 0, 400, 40, 0],
        "3": [1, 0, 0, 400, 40, 0],
        "2": [1, 0, 0, 400, 40, 0],
        "1": [1, 0, 0, 400, 40, 0]
    },
    
    "4": {
        "38": [3, 0, 13, 600, 60, 0],
        "37": [3, 0, 13, 600, 60, 0],
        "36": [3, 0, 13, 600, 60, 0],
        "35": [4, 0, 23, 600, 60, 0],
        "34": [3, 0, 13, 600, 60, 0],
        "33": [6, 0, 0, 800, 100, 0],
        "32": [4, 0, 0, 250, 40, 0],
        "31": [1, 0, 0, 300, 40, 0],
        "30": [3, 0, 0, 300, 40, 0],
        "29": [2, 0, 0, 600, 50, 0],
        "28": [1, 0, 0, 150, 40, 0],
        "27": [4, 0, 0, 250, 40, 0],
        "26": [2, 0, 0, 600, 60, 0],
        "25": [2, 0, 0, 150, 35, 0],
        "24": [3, 0, 0, 450, 40, 0],
        "23": [2, 0, 0, 600, 50, 0],
        "22": [8, 0, 0, 350, 40, 0],
        "21": [2, 0, 0, 150, 40, 0],
        "20": [1, 0, 0, 200, 40, 0],
        "19": [2, 0, 0, 500, 50, 0],
        "18": [3, 0, 0, 450, 40, 0],
        "17": [2, 0, 0, 150, 40, 0],
        "16": [3, 0, 0, 200, 40, 0],
        "15": [3, 0, 0, 150, 25, 0],
        "14": [3, 0, 0, 200, 40, 0],
        "13": [0, 0, 0, 400, 40, 0],
        "12": [1, 0, 0, 300, 40, 0],
        "11": [2, 0, 0, 200, 20, 0],
        "10": [1, 0, 0, 100, 20, 0],
        "9": [2, 0, 0, 150, 40, 0],
        "8": [2, 0, 0, 100, 20, 0],
        "7": [2, 0, 0, 150, 20, 0],
        "6": [2, 0, 0, 50, 20, 0],
        "5": [2, 0, 0, 80, 20, 0],
        "4": [2, 0, 0, 50, 20, 0],
        "3": [1, 0, 0, 60, 20, 0],
        "2": [1, 0, 0, 200, 40, 0],
        "1": [3, 0, 0, 200, 40, 0]
    },
    
    "3": {
	    "67": [4, 1, 0, 250, 40, 0],
        "66": [1, 0, 0, 400, 50, 0],
        "65": [4, 0, 0, 250, 40, 0],
        "64": [3, 0, 0, 250, 40, 0],
        "63": [5, 0, 0, 400, 50, 0],
        "62": [3, 0, 0, 250, 40, 0],
        "61": [3, 0, 0, 300, 40, 0],
        "60": [2, 0, 0, 150, 40, 0],
        "59": [1, 0, 0, 250, 40, 0],
        "58": [2, 0, 0, 350, 40, 0],
        "57": [2, 0, 0, 400, 40, 0],
        "56": [1, 0, 0, 450, 50, 0],
        "55": [2, 0, 0, 400, 50, 0],
        "54": [3, 0, 0, 600, 60, 0],
        "53": [3, 0, 0, 600, 40, 0],
        "52": [3, 0, 0, 250, 40, 0],
        "51": [5, 0, 0, 250, 40, 0],
        "50": [3, 0, 0, 300, 40, 0],
        "49": [2, 0, 0, 150, 40, 0],
        "48": [4, 0, 0, 250, 40, 0],
        "47": [1, 0, 0, 350, 40, 0],
        "46": [5, 0, 0, 500, 50, 0],
        "45": [1, 0, 0, 100, 40, 0],
        "44": [3, 0, 0, 250, 40, 0],
        "43": [1, 0, 0, 400, 40, 0],
        "42": [2, 0, 0, 400, 50, 0],
        "41": [2, 0, 0, 300, 40, 0],
        "40": [2, 0, 0, 300, 60, 0],
        "39": [2, 0, 0, 50, 8, 0],
        "38": [2, 0, 0, 200, 40, 0],
        "37": [2, 0, 0, 300, 40, 0],
        "36": [4, 0, 0, 200, 40, 0],
        "35": [3, 0, 0, 100, 20, 0],
        "34": [1, 0, 0, 400, 40, 0],
        "33": [2, 0, 0, 300, 40, 0],
        "32": [3, 0, 0, 500, 50, 0],
        "31": [2, 0, 0, 200, 40, 0],
        "30": [2, 0, 0, 200, 40, 0],
        "29": [2, 0, 0, 50, 10, 0],
        "28": [2, 0, 0, 300, 60, 0],
        "27": [2, 0, 0, 150, 40, 0],
        "26": [2, 0, 0, 100, 20, 0],
        "25": [1, 0, 0, 100, 20, 0],
        "24": [2, 0, 0, 200, 40, 0],
        "23": [2, 0, 0, 100, 10, 0],
        "22": [1, 0, 0, 100, 10, 0],
        "21": [3, 0, 0, 60, 10, 0],
        "20": [3, 0, 0, 20, 5, 0],
        "19": [2, 0, 0, 500, 50, 0],
        "18": [0, 0, 0, 400, 40, 0],
        "17": [0, 0, 0, 40, 20, 0],
        "16": [1, 0, 0, 50, 10, 0],
        "15": [1, 0, 0, 250, 40, 0],
        "14": [1, 0, 0, 50, 10, 0],
        "13": [0, 0, 0, 150, 25, 0],
        "12": [1, 0, 0, 150, 20, 0],
        "11": [0, 0, 0, 400, 40, 0],
        "10": [1, 0, 0, 20, 10, 0],
        "9": [1, 0, 0, 400, 40, 0],
        "8": [0, 0, 0, 400, 50, 0],
        "7": [1, 0, 0, 300, 40, 0],
        "6": [1, 0, 0, 300, 40, 0],
        "5": [1, 0, 0, 300, 40, 0],
        "4": [0, 0, 0, 400, 40, 0],
        "3": [1, 0, 0, 150, 25, 0],
        "2": [1, 0, 0, 25, 10, 0],
        "1": [1, 0, 0, 100, 20, 0]
    },
    
    "2": {
        "43": [2, 0, 13, 250, 30, 0],
        "42": [2, 0, 13, 250, 30, 0],
        "41": [2, 0, 13, 250, 30, 0],
        "40": [3, 0, 13, 300, 40, 0],
        "39": [3, 0, 13, 300, 40, 0],
        "38": [3, 0, 13, 300, 40, 0],
        "37": [1, 0, 0, 100, 20, 0],
        "36": [5, 0, 0, 500, 80, 0],
        "35": [5, 0, 0, 600, 80, 0],
        "34": [4, 0, 0, 600, 80, 0],
        "33": [1, 0, 0, 200, 40, 0],
        "32": [3, 0, 0, 250, 30, 0],
        "31": [2, 0, 0, 400, 40, 0],
        "30": [3, 0, 0, 250, 40, 0],
        "29": [7, 0, 0, 400, 40, 0],
        "28": [4, 0, 0, 600, 40, 0],
        "27": [3, 0, 0, 1000, 80, 0],
        "26": [6, 0, 0, 400, 40, 0],
        "25": [3, 0, 0, 600, 100, 0],
        "24": [3, 0, 0, 200, 30, 0],
        "23": [1, 0, 0, 50, 10, 0],
        "22": [3, 0, 0, 400, 40, 0],
        "21": [4, 0, 0, 300, 40, 0],
        "20": [1, 0, 0, 250, 40, 0],
        "19": [1, 0, 0, 100, 10, 0],
        "18": [2, 0, 0, 40, 10, 0],
        "17": [0, 0, 0, 400, 40, 0],
        "16": [3, 0, 0, 250, 40, 0],
        "15": [0, 0, 0, 600, 60, 0],
        "14": [3, 0, 0, 200, 40, 0],
        "13": [1, 0, 0, 200, 40, 0],
        "12": [2, 0, 0, 60, 20, 0],
        "11": [1, 0, 0, 500, 50, 0],
        "10": [3, 0, 0, 4001, 0, 0],
        "9": [0, 0, 0, 500, 50, 0],
        "8": [2, 0, 0, 400, 40, 0],
        "7": [0, 0, 0, 400, 40, 0],
        "6": [2, 0, 0, 150, 40, 0],
        "5": [2, 0, 0, 300, 0, 0],
        "4": [2, 0, 0, 20, 5, 0],
        "3": [1, 0, 0, 50, 10, 0],
        "2": [0, 0, 0, 200, 40, 0],
        "1": [1, 0, 0, 100, 40, 0]
    },
    
    "1": {
        "31": [4, 0, 13, 400, 50, 0],
        "30": [8, 0, 13, 300, 40, 0],
        "29": [3, 0, 13, 550, 50, 0],
        "28": [2, 0, 13, 400, 50, 0],
        "27": [4, 0, 13, 450, 50, 0],
        "26": [3, 0, 0, 700, 60, 0],
        "25": [1, 0, 0, 300, 40, 0],
        "24": [4, 0, 0, 450, 40, 0],
        "23": [5, 0, 0, 500, 50, 0],
        "22": [1, 0, 0, 250, 40, 0],
        "21": [2, 0, 0, 1000, 100, 0],
        "20": [2, 0, 0, 250, 40, 0],
        "19": [1, 0, 0, 500, 50, 0],
        "18": [3, 0, 0, 500, 50, 0],
        "17": [1, 0, 0, 500, 50, 0],
        "16": [2, 0, 0, 500, 50, 0],
        "15": [0, 0, 0, 400, 40, 0],
        "14": [3, 0, 0, 100, 20, 0],
        "13": [0, 0, 0, 500, 50, 0],
        "12": [2, 0, 0, 400, 40, 0],
        "11": [2, 0, 0, 200, 30, 0],
        "10": [1, 0, 0, 100, 0, 0],
        "9": [1, 0, 0, 20, 5, 0],
        "8": [1, 0, 0, 50, 10, 0],
        "7": [3, 0, 0, 50, 0, 0],
        "6": [2, 0, 0, 800, 70, 0],
        "5": [1, 0, 0, 300, 40, 0],
        "4": [1, 0, 0, 200, 30, 0],
        "3": [1, 0, 0, 200, 30, 0],
        "2": [1, 0, 0, 200, 30, 0],
        "1": [1, 0, 0, 200, 30, 0]
    },
    
    "0": {
        "402": [1, 0, 0, 200, 40, 0],
        "401": [1, 0, 0, 200, 40, 0],
        "400": [1, 0, 0, 200, 40, 0],
        "168": [1, 0, 0, 200, 40, 0],
        "167": [1, 0, 0, 200, 40, 0],
        "166": [1, 0, 0, 200, 40, 0],
        "165": [1, 0, 0, 200, 40, 0],
        "164": [1, 0, 0, 200, 40, 0],
        "163": [1, 0, 0, 200, 40, 0],
        "162": [1, 0, 0, 200, 40, 0],
        "161": [1, 0, 0, 200, 40, 0],
        "160": [1, 0, 0, 200, 40, 0],
        "159": [2, 0, 0, 400, 50, 0],
        "158": [5, 0, 0, 800, 100, 0],
        "157": [1, 0, 0, 200, 40, 0],
        "156": [1, 0, 0, 200, 40, 0],
        "155": [2, 0, 0, 400, 40, 0],
        "154": [2, 0, 0, 600, 50, 0],
        "153": [3, 0, 0, 700, 80, 0],
        "152": [3, 0, 0, 900, 120, 0],
        "151": [4, 0, 0, 600, 50, 0],
        "150": [3, 0, 0, 400, 40, 0],
        "149": [2, 0, 2, 300, 40, 0],
        "148": [4, 0, 0, 800, 80, 0],
        "147": [2, 0, 0, 250, 40, 0],
        "146": [2, 0, 0, 250, 40, 0],
        "145": [3, 0, 0, 600, 50, 0],
        "144": [4, 0, 0, 800, 80, 0],
        "143": [2, 0, 0, 300, 40, 0],
        "142": [2, 0, 0, 500, 40, 0],
        "141": [4, 0, 0, 800, 80, 0],
        "140": [4, 0, 0, 1000, 100, 0],
        "139": [2, 0, 0, 1200, 120, 0],
        "138": [7, 0, 0, 3001, 0, 0],
        "137": [1, 0, 0, 200, 40, 0],
        "136": [3, 0, 0, 350, 40, 0],
        "135": [4, 0, 0, 350, 40, 0],
        "134": [2, 0, 0, 400, 40, 0],
        "133": [9, 0, 0, 1200, 100, 0],
        "132": [4, 0, 0, 1000, 100, 0],
        "131": [1, 0, 0, 350, 40, 0],
        "130": [3, 0, 0, 400, 40, 0],
        "129": [3, 0, 0, 400, 40, 0],
        "128": [2, 0, 0, 200, 40, 0],
        "127": [2, 0, 0, 350, 40, 0],
        "126": [2, 0, 0, 450, 40, 0],
        "125": [5, 0, 0, 1600, 100, 0],
        "124": [8, 0, 0, 500, 50, 0],
        "123": [1, 0, 0, 2000, 100, 0],
        "122": [1, 0, 0, 250, 40, 0],
        "121": [5, 0, 0, 600, 70, 0],
        "120": [2, 0, 0, 400, 60, 0],
        "119": [4, 0, 0, 350, 40, 0],
        "118": [3, 0, 0, 600, 60, 0],
        "117": [2, 0, 0, 500, 100, 0],
        "116": [1, 0, 0, 600, 40, 0],
        "115": [3, 0, 0, 250, 40, 0],
        "114": [3, 0, 0, 800, 100, 0],
        "113": [3, 0, 0, 300, 40, 0],
        "112": [1, 0, 0, 200, 30, 0],
        "111": [1, 0, 0, 400, 40, 0],
        "110": [1, 0, 0, 20, 5, 0],
        "109": [2, 0, 0, 400, 40, 0],
        "108": [2, 0, 0, 500, 40, 0],
        "107": [4, 0, 0, 400, 50, 0],
        "106": [3, 0, 0, 300, 20, 0],
        "105": [2, 0, 0, 100, 10, 0],
        "104": [1, 0, 0, 600, 60, 0],
        "103": [2, 0, 0, 250, 40, 0],
        "102": [3, 0, 0, 500, 40, 0],
        "101": [3, 0, 0, 300, 40, 0],
        "99": [2, 0, 0, 200, 40, 0],
        "98": [1, 0, 0, 400, 40, 0],
        "97": [4, 0, 0, 400, 40, 0],
        "96": [2, 0, 0, 400, 40, 0],
        "95": [5, 0, 0, 500, 50, 0],
        "94": [3, 0, 0, 700, 40, 0],
        "93": [3, 0, 0, 400, 40, 0],
        "92": [3, 0, 0, 400, 40, 0],
        "91": [0, 0, 0, 400, 40, 0],
        "90": [0, 0, 0, 400, 40, 0],
        "89": [2, 0, 0, 400, 40, 0],
        "88": [2, 0, 0, 200, 40, 0],
        "87": [3, 0, 0, 800, 100, 0],
        "86": [0, 0, 0, 1000, 100, 0],
        "85": [2, 0, 0, 300, 40, 0],
        "84": [0, 0, 0, 400, 40, 0],
        "83": [3, 0, 0, 300, 40, 0],
        "82": [1, 0, 0, 300, 40, 0],
        "81": [1, 0, 0, 450, 40, 0],
        "80": [1, 0, 0, 500, 50, 0],
        "79": [2, 0, 0, 250, 40, 0],
        "78": [3, 0, 0, 300, 40, 0],
        "77": [3, 0, 0, 250, 40, 0],
        "76": [1, 0, 0, 200, 40, 0],
        "75": [2, 0, 0, 50, 10, 0],
        "74": [2, 0, 0, 150, 40, 0],
        "73": [2, 0, 0, 200, 40, 0],
        "72": [3, 0, 0, 200, 40, 0],
        "71": [2, 0, 0, 200, 40, 0],
        "70": [4, 0, 0, 200, 40, 0],
        "69": [6, 0, 0, 200, 40, 0],
        "68": [7, 0, 0, 200, 40, 0],
        "67": [1, 0, 0, 400, 40, 0],
        "66": [2, 0, 0, 300, 40, 0],
        "65": [2, 0, 0, 200, 40, 0],
        "64": [2, 0, 0, 300, 40, 0],
        "63": [1, 0, 0, 350, 0, 0],
        "62": [2, 0, 0, 300, 40, 0],
        "61": [1, 0, 0, 200, 40, 0],
        "60": [0, 0, 0, 400, 40, 0],
        "59": [1, 0, 0, 300, 60, 0],
        "58": [0, 0, 0, 400, 40, 0],
        "57": [1, 0, 0, 400, 40, 0],
        "56": [4, 0, 0, 400, 40, 0],
        "55": [1, 0, 0, 100, 10, 0],
        "54": [2, 0, 0, 50, 5, 0],
        "53": [0, 0, 0, 400, 40, 0],
        "52": [0, 0, 0, 400, 40, 0],
        "51": [1, 0, 0, 200, 40, 0],
        "50": [1, 0, 0, 400, 50, 0],
        "49": [3, 0, 0, 500, 50, 0],
        "48": [2, 0, 0, 300, 50, 0],
        "47": [4, 0, 0, 1500, 150, 0],
        "46": [2, 0, 0, 100, 10, 0],
        "45": [1, 0, 0, 300, 50, 0],
        "44": [3, 0, 0, 250, 40, 0],
        "43": [1, 0, 0, 200, 40, 0],
        "42": [2, 0, 0, 500, 50, 0],
        "41": [1, 0, 0, 600, 60, 0],
        "40": [2, 0, 0, 800, 100, 0],
        "39": [2, 0, 0, 400, 40, 0],
        "38": [3, 0, 0, 800, 80, 0],
        "37": [1, 0, 0, 200, 40, 0],
        "36": [2, 0, 0, 500, 60, 0],
        "35": [1, 0, 0, 1000, 100, 0],
        "34": [2, 0, 0, 400, 50, 0],
        "33": [2, 0, 0, 150, 25, 0],
        "32": [1, 0, 0, 800, 70, 0],
        "31": [1, 0, 0, 300, 40, 0],
        "30": [1, 0, 0, 200, 40, 0],
        "29": [3, 0, 0, 500, 50, 0],
        "28": [2, 0, 0, 300, 45, 0],
        "27": [2, 0, 0, 800, 0, 0],
        "26": [1, 0, 0, 300, 40, 0],
        "25": [1, 0, 0, 250, 40, 0],
        "24": [1, 0, 0, 50, 0, 0],
        "23": [3, 0, 0, 400, 50, 0],
        "22": [1, 0, 0, 300, 45, 0],
        "21": [2, 0, 0, 20, 5, 0],
        "20": [2, 0, 0, 500, 40, 0],
        "19": [2, 0, 0, 300, 45, 0],
        "18": [1, 0, 0, 300, 45, 0],
        "17": [3, 0, 0, 200, 40, 0],
        "16": [2, 0, 0, 300, 40, 0],
        "15": [1, 0, 0, 200, 40, 0],
        "14": [3, 0, 0, 300, 45, 0],
        "13": [1, 0, 0, 500, 60, 0],
        "12": [1, 0, 0, 200, 40, 0],
        "11": [1, 0, 0, 500, 0, 0],
        "10": [1, 0, 0, 100, 40, 0],
        "9": [4, 0, 0, 500, 60, 0],
        "8": [1, 0, 0, 300, 40, 0],
        "7": [1, 0, 0, 200, 40, 0],
        "6": [2, 0, 0, 500, 60, 0],
        "5": [2, 0, 0, 100, 0, 0],
        "4": [1, 0, 0, 200, 40, 0],
        "3": [1, 0, 0, 20, 0, 0],
        "2": [1, 0, 0, 200, 40, 0],
        "1": [2, 0, 0, 500, 50, 0]
    }
}