<C><P Ca="" D="x_transformice/x_maps/x_peche2014/x_jungle.jpg" d="x_transformice/x_maps/x_peche2014/x_jungle2.png" /><Z><S><S m="" P="0,0,0.3,0.2,0,0,0,0" L="10" o="12bd94" X="-5" H="400" Y="200" T="12" /><S m="" P="0,0,0.3,0.2,10,0,0,0" L="100" o="12bd94" X="40" H="10" Y="117" T="12" /><S m="" P="0,0,0.5,0.2,10,0,0,0" L="80" o="12bd94" X="127" H="10" Y="132" T="12" /><S m="" P="0,0,0.5,0.2,10,0,0,0" L="80" o="12bd94" X="204" H="10" Y="148" T="12" /><S m="" P="0,0,0.5,0.2,20,0,0,0" L="80" o="12bd94" X="279" H="10" Y="168" T="12" /><S m="" P="0,0,0.5,0.2,40,0,0,0" L="80" o="12bd94" X="341" H="10" Y="204" T="12" /><S m="" P="0,0,0.5,0.2,0,0,0,0" L="100" o="12bd94" X="408" H="10" Y="226" T="12" /><S m="" P="0,0,0.5,0.2,-30,0,0,0" L="100" o="12bd94" X="557" H="10" Y="213" T="12" /><S m="" P="0,0,0.5,0.2,-70,0,0,0" L="100" o="12bd94" X="501" H="10" Y="279" T="12" /><S m="" P="0,0,0.5,0.2,-40,0,0,0" L="100" o="12bd94" X="636" H="10" Y="160" T="12" /><S m="" P="0,0,0.5,0.2,-70,0,0,0" L="50" o="12bd94" X="679" H="10" Y="114" T="12" /><S m="" P="0,0,0.5,0.2,0,0,0,0" L="50" o="12bd94" X="708" H="10" Y="93" T="12" /><S m="" P="0,0,0.5,0.2,-50,0,0,0" L="50" o="12bd94" X="745" H="10" Y="75" T="12" /><S m="" P="0,0,0.3,0.2,0,0,0,0" L="10" o="12bd94" X="806" H="400" Y="200" T="12" /><S m="" P="0,0,0.5,0.2,-30,0,0,0" L="100" o="12bd94" X="450" H="10" Y="331" T="12" /><S m="" P="0,0,0.5,0.2,0,0,0,0" L="100" o="12bd94" X="360" H="10" Y="358" T="12" /><S m="" P="0,0,0.5,0.2,-10,0,0,0" L="100" o="12bd94" X="267" H="10" Y="367" T="12" /><S m="" P="0,0,0.5,0.2,30,0,0,0" L="100" o="12bd94" X="194" H="10" Y="359" T="12" /><S m="" P="0,0,0.5,0.2,-90,0,0,0" L="50" o="12bd94" X="159" H="10" Y="342" T="12" /><S m="" P="0,0,0.5,0.2,0,0,0,0" L="100" o="12bd94" X="113" H="10" Y="328" T="12" /><S m="" P="0,0,0.5,0.2,-110,0,0,0" L="50" o="12bd94" X="56" H="10" Y="302" T="12" /></S><D><DS Y="98" X="50" /></D><O /></Z></C>