{
"TribeExit"					: 41,
"TribeOpenInterface"		: 22,
"TribeOpenChat"				: 90,
"TribeCreate"				: 147,
"TribeList"					: 29,
"TribeUserConnect"			: 0,
"TribeUserDisconnect"		: 0,
"TribeNewMember"			: 117,
"TribeRankChange"			: 163,
"TribeSucesso"				: 0,
"TribeMessageRemoved"		: 50,
"TribeInvite"				: 78,
"TribeMessage"				: 10,
"TribeHouse"				: 2,
"TribeCreateRankings"		: 138,
"TribeDeleteRankings"		: 62,
"TribeRenameRankings"		: 138,
"TribeUpingRankings"		: 0,
"TribeAddRankinInfo"		: 0,
"TribeRemoveRankInfo"		: 0,
"TribeHistoric"				: 140,
"TribeChat"					: 145,

"Ignored"					: 104,
"RemoveIgnored"				: 7,
"RemovedFriend"				: 77,
"FriendList"				: 89,
"FriendsListTrue"			: 134,
"IgnoredList"				: 48,

"WhisperMessage"			: 24,
"BlockMessageUp"			: 94,
"MessageFriend"				: 0,
"MessageIgnored"			: 0,
"EnterChat"					: 0,
"EnterCanal"				: 0,
"ExitChat"					: 0,
"ExitCanal"					: 0,
"CommandsChat"				: 0,

"MarryInvite"				: 112,
"MarryOKAY"					: 87,
"MarryDivorci"				: 39
}