<C><P F="1" /><Z><S><S P="0,0,0.3,0.2,10,0,0,0" L="80" X="42" H="300" Y="322" T="6" /><S P="0,0,0.3,0.2,0,0,0,0" L="80" H="300" X="91" N="" Y="257" T="6" /><S P="0,0,0.3,0.2,0,0,0,0" L="80" X="703" H="200" N="" Y="316" T="6" /><S P="1,0,0.3,0.2,20,0,0,0" H="10" L="40" X="112" c="3" Y="155" T="6" /><S P="1,0,0.3,0.2,50,0,0,0" H="10" L="80" X="151" c="4" Y="190" T="8" /><S P="1,0,0.3,0.2,60,0,0,0" X="183" L="40" H="10" c="3" Y="234" T="6" /><S P="1,0,0.3,0.2,60,0,0,0" X="210" L="80" H="10" c="4" Y="280" T="8" /><S P="1,0,0.3,0.2,30,0,0,0" L="40" X="243" H="10" Y="322" T="6" /><S P="1,0,0.3,0.2,20,0,0,0" H="10" L="80" X="291" c="4" Y="342" T="8" /><S P="1,0,0.3,0.2,0,0,0,0" X="392" L="80" H="10" c="4" Y="362" T="8" /><S P="1,0,0.3,0.2,-20,0,0,0" H="10" L="80" X="569" c="4" Y="357" T="8" /><S P="1,0,0.3,0.2,-40,0,0,0" X="618" L="40" H="10" c="3" Y="335" T="6" /><S P="1,0,0.3,0.2,-40,0,0,0" X="656" L="80" H="10" c="4" Y="303" T="8" /><S P="1,0,0.3,0.2,-60,0,0,0" H="10" L="40" X="694" c="3" Y="266" T="6" /><S P="1,0,0.3,0.2,180,0,0,0" c="4" L="80" X="500" H="10" Y="368" T="8" /><S P="1,0,0.3,0.2,10,0,0,0" L="40" X="445" H="10" Y="365" T="6" /><S P="1,0,0.3,0.2,10,0,0,0" L="40" H="10" X="344" Y="359" T="6" /></S><D><T Y="108" X="92" /><F Y="212" X="702" /><P X="12" P="1,0" Y="552" T="1" /><P X="145" P="1,1" Y="526" T="1" /><P X="222" P="0,0" Y="414" T="5" /><P X="311" P="1,0" Y="503" T="6" /><P X="299" P="0,1" Y="467" T="6" /><P X="483" P="1,1" Y="544" T="1" /><P X="404" P="1,0" Y="561" T="1" /><P X="736" P="0,0" Y="218" T="3" /><P X="58" P="0,0" Y="173" T="12" /><P X="630" P="1,0" Y="525" T="6" /><P X="729" P="1,1" Y="468" T="1" /><P X="716" P="1,0" Y="494" T="6" /></D><O><O P="0" X="97" C="13" Y="149" /><O P="0" X="702" C="12" Y="253" /><O P="0" X="127" C="14" Y="162" /><O P="0" X="173" C="14" Y="220" /><O P="0" X="191" C="14" Y="249" /><O P="0" X="228" C="14" Y="312" /><O P="0" X="358" C="14" Y="362" /><O P="0" X="537" C="14" Y="368" /><O P="0" X="605" C="14" Y="345" /><O P="0" X="630" C="14" Y="325" /><O P="0" X="684" C="14" Y="279" /><O P="0" X="428" C="14" Y="364" /><O P="0" X="462" C="14" Y="369" /><O P="0" X="328" C="14" Y="356" /><O X="257" C="14" Y="330" P="0" /></O></Z></C>