<C><P L="1600" Ca="" H="800" /><Z><S><S P="0,0,0.3,0.2,0,0,0,0" L="1500" o="ffffffffffff" X="850" Y="788" T="12" H="25" /><S L="104" X="52" H="416" Y="593" T="11" P="0,0,0.3,0.2,0,0,0,0" /><S P="0,0,0.3,0.2,0,0,0,0" L="120" o="ffffffffffff" H="32" c="3" Y="699" T="12" X="291" /><S P="0,0,0.3,0.2,0,0,0,0" L="524" o="ffffffffffff" X="365" Y="371" T="12" H="27" /><S P="0,0,0.3,0.2,0,0,0,0" L="74" o="ffffffffffff" X="139" Y="765" T="12" H="25" /><S L="728" X="1236" H="24" Y="374" T="11" P="0,0,0.3,0.2,0,0,0,0" /><S P="0,0,0.8,0.2,0,0,0,0" L="31" o="ffffffffffff" X="181" Y="152" T="12" H="304" /><S P="0,0,0.3,0.2,0,0,0,0" L="632" o="ffffffffffff" X="512" Y="13" T="12" H="26" /><S P="0,0,0.3,0.2,0,0,0,0" L="146" o="ffffffffffff" X="799" Y="371" T="12" H="27" /><S P="0,0,0.3,0.2,-37,0,0,0" L="500" o="ffffffffffff" X="539" Y="550" T="12" H="37" /><S P="0,0,0.8,0.2,0,0,0,0" L="30" o="ffffffffffff" X="815" Y="213" T="12" H="206" /><S P="0,0,0.3,0.2,0,0,0,0" L="154" o="ffffffffffff" H="36" Y="130" T="12" X="906" /><S P="0,0,0.3,0.2,0,0,0,0" L="34" o="ffffffffffff" H="53" Y="27" T="12" X="813" /><S P="0,0,0.3,0.8,0,0,0,0" L="35" o="ffffffffffff" H="10" Y="174" T="13" X="1165" /><S P="0,0,0.3,0.8,0,0,0,0" L="25" o="ffffffffffff" H="10" Y="216" T="13" X="1107" /><S L="25" o="ffffffffffff" H="10" X="1218" Y="233" T="13" P="0,0,0.3,0.8,0,0,0,0" /><S P="0,0,0.3,0.2,0,0,0,0" L="216" o="ffffffffffff" H="18" Y="153" T="12" X="352" /><S P="0,0,0.3,0.2,0,0,0,0" L="170" o="ffffffffffff" H="11" Y="332" T="12" X="407" /><S P="0,0,0.3,0.2,0,0,0,0" L="77" o="ffffffffffff" H="13" Y="196" T="12" X="546" /><S P="0,0,0.3,0.2,0,0,0,0" L="103" o="ffffffffffff" H="14" Y="158" T="12" X="646" /><S P="0,0,0.3,0.2,0,0,0,0" L="132" o="ffffffffffff" H="10" Y="562" T="12" X="290" /><S L="132" o="ffffffffffff" H="10" X="290" Y="509" T="12" P="0,0,0.3,0.2,0,0,0,0" /><S P="0,0,0.3,0.2,0,0,0,0" L="132" o="ffffffffffff" X="290" Y="450" T="12" H="10" /><S P="0,0,0.3,0.2,0,0,0,0" L="15" o="ffffffffffff" H="10" Y="479" T="13" X="742" /><S P="0,0,0.3,0.2,0,0,0,0" L="10" o="ffffffffffff" H="10" Y="499" T="13" X="777" /><S P="0,0,0.3,0.2,0,0,0,0" L="10" o="ffffffffffff" H="10" Y="485" T="13" X="814" /><S P="0,0,0.3,0.2,0,0,0,0" L="262" o="ffffffffffff" H="10" Y="732" T="12" X="741" /><S P="0,0,0.3,0.2,0,0,0,0" L="221" o="ffffffffffff" H="11" Y="687" T="12" X="769" /><S P="0,0,0.3,0.2,0,0,0,0" L="132" o="ffffffffffff" H="10" Y="457" T="12" X="914" /><S P="0,0,0.3,0.2,0,0,0,0" L="105" o="ffffffffffff" H="16" Y="659" T="12" X="936" /><S P="0,0,0.3,0.2,0,0,0,0" L="93" o="ffffffffffff" H="17" Y="607" T="12" X="1027" /><S P="0,0,0.8,0.2,0,0,0,0" L="43" o="ffffffffffff" H="318" Y="544" T="12" X="1094" /><S P="0,0,0.3,0.2,0,0,0,0" L="107" o="ffffffffffff" H="16" Y="469" T="12" X="1169" /><S P="0,0,0.3,0.2,0,0,0,0" L="169" o="ffffffffffff" H="15" Y="477" T="12" X="1410" /><S P="0,0,0.3,0.2,0,0,0,0" L="147" o="ffffffffffff" H="15" Y="542" T="12" X="1496" /><S P="0,0,0.3,0.2,0,0,0,0" L="151" o="ffffffffffff" H="16" Y="580" T="12" X="1292" /><S P="0,0,0.3,0.2,0,0,0,0" L="196" o="ffffffffffff" H="16" Y="664" T="12" X="1211" /><S P="0,0,0.8,0.2,0,0,0,0" L="31" o="ffffffffffff" H="392" Y="581" T="12" X="1585" /><S P="0,0,0.3,0.2,0,0,0,0" L="127" o="ffffffffffff" H="15" Y="680" T="12" X="1507" /><S P="0,0,0.3,0.2,-40,0,0,0" L="90" o="ffffffffffff" H="15" Y="707" T="12" X="1415" /><S L="51" o="ffffffffffffff" H="816" X="-26" Y="395" T="12" P="0,0,0,0.2,0,0,0,0" /><S P="0,0,0,0.2,0,0,0,0" L="51" o="ffffffffffffff" X="1626" Y="380" T="12" H="816" /><S L="1600" o="ffffffffffffff" H="50" X="800" Y="-25" T="12" P="0,0,0,0.2,0,0,0,0" /><S P="0,0,0.3,0.2,0,0,0,0" L="10" o="ffffffffffff" X="434" c="2" Y="689" T="12" H="90" /><S P="0,0,0.3,0.2,45,0,0,0" L="90" o="ffffffffffff" X="1395" c="2" Y="766" T="12" H="90" /><S P="0,0,0.3,0.2,0,0,0,0" L="90" o="ffffffffffff" X="845" c="2" Y="316" T="12" H="90" /><S H="150" L="10" o="ffffffffffff" X="766" c="2" Y="296" T="12" P="0,0,0.3,0.2,30,0,0,0" /></S><D><DS Y="369" X="28" /></D><O /></Z></C>