<C><P mc="" L="1600" D="x_evenements/x_carnaval2014.jpg" /><Z><S><S Y="345" T="12" P="1,0,0.3,0.2,0,0,0,0" L="140" o="324650" m="" X="130" H="40" /><S Y="310" T="12" P="1,0,0.3,0.2,0,0,0,0" L="10" o="31324f" m="" X="65" H="110" /><S Y="310" T="12" P="1,0,0.3,0.2,0,0,0,0" L="10" o="31324f" m="" X="195" H="110" /><S Y="360" T="12" P="1,0,0,0.2,90,0,0,0" L="10" o="19cbba" m="" X="55" H="70" /><S Y="360" T="12" P="1,0,0,0.2,-90,0,0,0" L="10" o="19cbba" m="" X="205" H="70" /><S N="" i="-30,-30,http://www.transformice.com/images/x_evenements/x_carnaval/x_char.png" T="12" P="1,0,0.3,0.2,0,0,0,0" Y="280" L="140" o="324650" X="130" H="10" /><S N="" i="-20,-20,http://www.transformice.com/images/x_evenements/x_carnaval/x_roue.png" T="13" P="1,0,0.3,0.2,0,0,0,0" Y="360" L="20" o="324650" X="30" H="10" /><S N="" i="-20,-20,http://www.transformice.com/images/x_evenements/x_carnaval/x_roue.png" T="13" P="1,0,0.3,0.2,0,0,0,0" Y="360" L="20" o="324650" X="230" H="10" /><S Y="390" T="8" P="0,0,0.3,0.2,0,0,0,0" L="300" X="149" H="20" /><S Y="390" T="8" P="0,0,0.3,0.2,0,0,0,0" L="400" H="20" X="1402" /><S Y="355" T="8" P="0,0,0.3,0.2,-50,0,0,0" L="400" H="20" X="544" /><S Y="355" T="8" P="0,0,0.3,0.2,50,0,0,0" L="400" X="950" H="20" /></S><D><DS Y="311" X="118" /><DC Y="260" X="120" /><F Y="312" X="1488" /><T Y="316" X="1589" /></D><O><O C="14" Y="360" X="30" P="0" /><O C="14" Y="280" X="195" P="0" /><O C="14" Y="330" X="195" P="0" /><O C="14" Y="280" X="65" P="0" /><O C="14" Y="330" X="65" P="0" /><O C="14" Y="360" X="65" P="0" /><O C="14" Y="360" X="85" P="0" /><O C="14" Y="360" X="175" P="0" /><O C="14" Y="360" X="195" P="0" /><O C="14" Y="360" X="230" P="0" /></O></Z></C>