<C><P H="2000" DS="y;112" d="x_transformice/x_evt/x_evt_09/azerghjk/map-pluiettri premier plan 800.png" Ca="" /><Z><S><S P="0,0,0.3,0.2,0,0,0,0" L="800" H="10" X="400" Y="0" T="0" /><S P="0,0,0.3,0.2,90,0,0,0" L="2000" X="0" H="10" Y="1000" T="0" /><S P="0,0,0.3,0.2,90,0,0,0" L="2000" H="10" X="800" Y="1000" T="0" /><S P="0,0,0.3,0.2,90,0,0,0" L="400" H="10" X="0" Y="1674" T="0" /><S P="0,0,0,2,0,0,0,0" L="51" o="e72323" H="10" X="100" Y="1450" T="13" /><S P="0,0,0,2,0,0,0,0" L="51" o="e72323" H="10" X="700" Y="1450" T="13" /><S P="0,0,0.3,0.2,90,0,0,0" L="400" X="800" H="10" Y="1674" T="0" /><S P="0,0,0,1.2,0,0,0,0" L="20" o="e72323" X="0" H="10" Y="400" T="13" /><S P="0,0,0,1.2,0,0,0,0" L="20" o="e72323" H="10" X="100" Y="300" T="13" /><S P="0,0,0,1.2,0,0,0,0" L="20" o="e72323" H="10" X="0" Y="200" T="13" /><S P="0,0,0,1.2,0,0,0,0" L="20" o="e72323" X="200" H="10" Y="200" T="13" /><S P="0,0,0,1.2,0,0,0,0" L="20" o="e72323" X="400" H="10" Y="200" T="13" /><S P="0,0,0,1.2,0,0,0,0" L="20" o="e72323" H="10" X="600" Y="200" T="13" /><S P="0,0,0,1.2,0,0,0,0" L="20" o="e72323" H="10" X="800" Y="200" T="13" /><S P="0,0,0,1.2,0,0,0,0" L="20" o="e72323" H="10" X="300" Y="300" T="13" /><S P="0,0,0,0.8,0,0,0,0" L="20" o="e72323" X="500" H="10" Y="300" T="13" /><S P="0,0,0,1.2,0,0,0,0" L="20" o="e72323" X="700" H="10" Y="300" T="13" /><S P="0,0,0,1.2,0,0,0,0" L="20" o="e72323" X="200" H="10" Y="400" T="13" /><S P="0,0,0,1.2,0,0,0,0" L="20" o="e72323" H="10" X="400" Y="407" T="13" /><S P="0,0,0,1.2,0,0,0,0" L="20" o="e72323" H="10" X="600" Y="400" T="13" /><S P="0,0,0,1.2,0,0,0,0" L="20" o="e72323" X="800" H="10" Y="400" T="13" /><S P="0,0,0,1.2,0,0,0,0" L="20" o="e72323" X="0" H="10" Y="600" T="13" /><S P="0,0,0,1.2,0,0,0,0" L="20" o="e72323" H="10" X="100" Y="500" T="13" /><S P="0,0,0,1.2,0,0,0,0" L="20" o="e72323" X="300" H="10" Y="500" T="13" /><S P="0,0,0,1.2,0,0,0,0" L="20" o="e72323" X="500" H="10" Y="500" T="13" /><S P="0,0,0,1.2,0,0,0,0" L="20" o="e72323" H="10" X="700" Y="500" T="13" /><S P="0,0,0,1.2,0,0,0,0" L="20" o="e72323" X="200" H="10" Y="600" T="13" /><S P="0,0,0,1.2,0,0,0,0" L="20" o="e72323" H="10" X="400" Y="600" T="13" /><S P="0,0,0,1.2,0,0,0,0" L="20" o="e72323" H="10" X="600" Y="600" T="13" /><S P="0,0,0,1.2,0,0,0,0" L="20" o="e72323" X="800" H="10" Y="600" T="13" /><S P="0,0,0,1.2,0,0,0,0" L="20" o="e72323" X="100" H="10" Y="700" T="13" /><S P="0,0,0,1.2,0,0,0,0" L="20" o="e72323" X="300" H="10" Y="700" T="13" /><S P="0,0,0,1.2,0,0,0,0" L="20" o="e72323" H="10" X="500" Y="700" T="13" /><S P="0,0,0,1.2,0,0,0,0" L="20" o="e72323" H="10" X="700" Y="700" T="13" /><S P="0,0,0,1.2,0,0,0,0" L="20" o="e72323" X="0" H="10" Y="800" T="13" /><S P="0,0,0,1.2,0,0,0,0" L="20" o="e72323" H="10" X="200" Y="800" T="13" /><S P="0,0,0,1.2,0,0,0,0" L="20" o="e72323" H="10" X="400" Y="800" T="13" /><S P="0,0,0,1.2,0,0,0,0" L="20" o="e72323" X="600" H="10" Y="800" T="13" /><S P="0,0,0,1.2,0,0,0,0" L="20" o="e72323" X="800" H="10" Y="800" T="13" /><S P="0,0,0,1.2,0,0,0,0" L="20" o="e72323" H="10" X="0" Y="960" T="13" /><S P="0,0,0,1.2,0,0,0,0" L="20" o="e72323" H="10" X="800" Y="960" T="13" /><S P="0,0,0,1.2,0,0,0,0" L="20" o="e72323" H="10" X="200" Y="960" T="13" /><S P="0,0,0,1.2,0,0,0,0" L="20" o="e72323" X="600" H="10" Y="960" T="13" /><S P="0,0,0,1.2,0,0,0,0" L="20" o="e72323" X="400" H="10" Y="960" T="13" /><S P="0,0,0,1.2,0,0,0,0" L="20" o="e72323" X="100" H="10" Y="1250" T="13" /><S P="0,0,0,1.2,0,0,0,0" L="20" o="e72323" X="700" H="10" Y="1250" T="13" /><S P="0,0,0,1.2,0,0,0,0" L="100" o="e72323" X="400" H="10" Y="1250" T="13" /><S P="0,0,20,0.2,-45,0,0,0" L="50" H="10" X="383" Y="1480" T="4" /><S P="0,0,20,0.2,45,0,0,0" L="50" X="412" H="10" Y="1478" T="4" /><S P="0,0,0,2,0,0,0,0" L="51" o="e72323" H="10" X="196" Y="1743" T="13" /><S P="0,0,0,2,0,0,0,0" L="51" o="e72323" X="626" H="10" Y="1744" T="13" /><S P="0,0,0,1.2,0,0,0,0" L="10" o="e72323" X="100" H="10" Y="600" T="13" /><S P="0,0,0,1.2,0,0,0,0" L="10" o="e72323" H="10" X="100" Y="400" T="13" /><S P="0,0,0,1.2,0,0,0,0" L="10" o="e72323" H="10" X="300" Y="400" T="13" /><S P="0,0,0,1.2,0,0,0,0" L="10" o="e72323" X="500" H="10" Y="400" T="13" /><S P="0,0,0,1.2,0,0,0,0" L="10" o="e72323" X="700" H="10" Y="400" T="13" /><S P="0,0,0,1.2,0,0,0,0" L="10" o="e72323" H="10" X="200" Y="700" T="13" /><S P="0,0,0,1.2,0,0,0,0" L="10" o="e72323" H="10" X="400" Y="700" T="13" /><S P="0,0,0,1.2,0,0,0,0" L="10" o="e72323" X="600" H="10" Y="700" T="13" /><S P="0,0,0,1.2,0,0,0,0" L="10" o="e72323" H="10" X="100" Y="800" T="13" /><S P="0,0,0,1.2,0,0,0,0" L="10" o="e72323" X="300" H="10" Y="800" T="13" /><S P="0,0,0,1.2,0,0,0,0" L="10" o="e72323" X="500" H="10" Y="800" T="13" /><S P="0,0,0,1.2,0,0,0,0" L="10" o="e72323" H="10" X="700" Y="800" T="13" /><S P="0,0,0,1.2,0,0,0,0" L="50" o="e72323" X="0" H="10" Y="1125" T="13" /><S P="0,0,0,1.2,0,0,0,0" L="50" o="e72323" X="800" H="10" Y="1125" T="13" /><S P="0,0,0,2,0,0,0,0" L="51" o="e72323" X="6" H="10" Y="1938" T="13" /><S P="0,0,0,2,0,0,0,0" L="51" o="e72323" X="796" H="10" Y="1938" T="13" /><S P="0,0,0.3,0,180,0,0,0" L="800" H="10" X="400" Y="2005" T="0" /><S X="31" P="0,0,0.3,0.2,-0,0,0,0" Y="42" L="61" o="324650" H="49" c="4" i="0,0,x_transformice/x_evt/x_evt_09/azerghjk/map-pluie fond.jpg" T="12" /><S P="0,0,0,0.2,-45,0,0,0" L="10" X="600" H="200" Y="300" T="1" /><S P="0,0,0,0.2,45,0,0,0" L="10" H="200" X="200" Y="300" T="1" /><S P="0,0,0,0.2,-45,0,0,0" L="50" H="50" X="0" Y="300" T="1" /><S P="0,0,0,0.2,-45,0,0,0" L="50" X="800" H="50" Y="300" T="1" /><S P="0,0,0,0.2,-45,0,0,0" L="50" H="50" X="800" Y="500" T="1" /><S P="0,0,0,0.2,0,0,0,0" L="10" H="80" X="625" Y="500" T="1" /><S P="0,0,0,0.2,0,0,0,0" L="10" X="175" H="80" Y="500" T="1" /><S P="0,0,0,0.2,-45,0,0,0" L="50" X="0" H="50" Y="500" T="1" /><S P="0,0,0,0.2,-45,0,0,0" L="10" H="200" X="500" Y="600" T="1" /><S P="0,0,0.3,0.2,90,0,0,0" L="400" H="10" X="750" Y="2135" T="0" /><S P="0,0,0.3,0.2,90,0,0,0" L="400" X="150" H="10" Y="2130" T="0" /><S P="0,0,0,0.2,45,0,0,0" L="10" X="300" H="200" Y="600" T="1" /><S P="0,0,0.3,0.2,90,0,0,0" L="400" H="10" X="250" Y="2130" T="0" /><S P="0,0,0,0.2,-45,0,0,0" L="50" X="800" H="50" Y="700" T="1" /><S P="0,0,0.3,0.2,90,0,0,0" L="400" X="350" H="10" Y="2130" T="0" /><S P="0,0,0,0.2,-45,0,0,0" L="50" H="50" X="0" Y="700" T="1" /><S P="0,0,0.3,0.2,90,0,0,0" L="400" X="550" H="10" Y="2130" T="0" /><S P="0,0,0.3,0.2,90,0,0,0" L="400" X="650" H="10" Y="2130" T="0" /><S P="0,0,0.3,0.2,90,0,0,0" L="400" H="10" X="450" Y="2130" T="0" /><S P="0,0,0,0.2,-45,0,0,0" L="50" X="100" H="50" Y="900" T="1" /><S P="0,0,0,0.2,-45,0,0,0" L="50" H="50" X="300" Y="900" T="1" /><S P="0,0,0,0.2,-45,0,0,0" L="50" H="50" X="700" Y="900" T="1" /><S P="0,0,0,0.2,-45,0,0,0" L="50" X="500" H="50" Y="900" T="1" /><S P="1,0,0,0.2,0,0,0,0" L="176" H="10" X="600" Y="1070" T="1" /><S P="0,0,0.3,0.2,90,0,0,0" L="400" H="10" X="50" Y="2130" T="0" /><S P="1,0,0,0.2,0,0,0,0" L="176" X="200" H="10" Y="1070" T="1" /><S P="0,0,0,0.2,-45,0,0,0" L="50" H="50" X="585" Y="1350" T="1" /><S P="0,0,0.3,0.2,0,0,0,0" L="800" X="400" H="10" v="15000" Y="135" T="0" /><S P="0,0,0,0.2,-45,0,0,0" L="50" X="215" H="50" Y="1350" T="1" /><S P="0,0,0,0.2,-45,0,0,0" L="300" H="300" X="980" Y="1350" T="1" /><S P="0,0,0,0.2,-45,0,0,0" L="300" X="-176" H="300" Y="1350" T="1" /><S P="0,0,0,0.2,-45,0,0,0" L="100" X="826" H="100" Y="1626" T="1" /><S P="0,0,0,0.2,-45,0,0,0" L="50" H="50" X="398" Y="1837" T="1" /><S P="0,0,0,0.2,-45,0,0,0" L="100" H="100" X="-25" Y="1625" T="1" /><S P="0,0,0,0.2,45,0,0,0" L="150" H="10" X="350" Y="1612" T="1" /><S P="0,0,0,0.2,135,0,0,0" L="150" X="450" H="10" Y="1611" T="1" /><S P="0,0,0,0.2,-45,0,0,0" L="200" X="332" H="10" Y="1524" T="1" /><S P="0,0,0,0.2,-135,0,0,0" L="200" H="10" X="468" Y="1525" T="1" /><S m="" P="0,0,0,0.2,45,0,0,0" c="3" L="45" o="324650" H="45" X="150" Y="1955" T="12" /><S m="" P="0,0,0,0.2,45,0,0,0" X="50" L="45" o="324650" H="45" c="3" Y="1955" T="12" /><S m="" P="0,0,0,0.2,45,0,0,0" X="250" L="45" o="324650" H="45" c="3" Y="1955" T="12" /><S m="" P="0,0,0,0.2,45,0,0,0" c="3" L="45" o="324650" X="350" H="45" Y="1955" T="12" /><S m="" P="0,0,0,0.2,45,0,0,0" H="45" L="45" o="324650" X="450" c="3" Y="1955" T="12" /><S m="" P="0,0,0,0.2,45,0,0,0" c="3" L="45" o="324650" H="45" X="550" Y="1955" T="12" /><S m="" P="0,0,0,0.2,45,0,0,0" X="650" L="45" o="324650" H="45" c="3" Y="1955" T="12" /><S m="" P="0,0,0,0.2,45,0,0,0" c="3" L="45" o="324650" X="750" H="45" Y="1955" T="12" /><S m="" P="0,0,0,0.2,0,0,0,0" c="3" L="60" o="324650" X="50" H="50" Y="1980" T="12" /><S m="" P="0,0,0,0.2,0,0,0,0" H="50" L="60" o="324650" X="150" c="3" Y="1980" T="12" /><S m="" P="0,0,0,0.2,0,0,0,0" c="3" L="60" o="324650" H="50" X="250" Y="1980" T="12" /><S m="" P="0,0,0,0.2,0,0,0,0" X="350" L="60" o="324650" H="50" c="3" Y="1980" T="12" /><S m="" P="0,0,0,0.2,0,0,0,0" c="3" L="60" o="324650" X="450" H="50" Y="1980" T="12" /><S m="" P="0,0,0,0.2,0,0,0,0" H="50" L="60" o="324650" X="550" c="3" Y="1980" T="12" /><S m="" P="0,0,0,0.2,0,0,0,0" c="3" L="60" o="324650" H="50" X="650" Y="1980" T="12" /><S m="" P="0,0,0,0.2,0,0,0,0" X="750" L="60" o="324650" H="50" c="3" Y="1980" T="12" /></S><D /><O><O X="200" C="13" P="0" Y="1070" /><O X="600" C="12" P="0" Y="1070" /></O></Z></C>