<C><P d="x_transformice/x_evt/x_evt_18/sdnjqj/ninja-ap.png" H="600" D="x_transformice/x_evt/x_evt_18/sdnjqj/ninja.jpg" L="1600" /><Z><S><S m="" P="0,0,0,0,0,0,0,0" L="30" X="-15" H="600" Y="300" T="0" /><S m="" P="0,0,0,0,0,0,0,0" L="30" X="1615" H="600" Y="300" T="0" /><S m="" P="0,0,0,0,0,0,0,0" L="1600" X="800" H="30" Y="-15" T="0" /><S m="" P="0,0,0.3,0.2,0,0,0,0" L="574" X="288" H="30" Y="605" T="0" /><S m="" P="0,0,0.3,0.2,0,0,0,0" L="920" X="1140" H="30" Y="605" T="0" /><S m="" P="0,0,0.3,0.2,-40,0,0,0" L="25" X="992" H="10" Y="588" T="0" /><S m="" P="0,0,0.3,0.2,-45,0,0,0" L="25" X="1006" H="10" Y="575" T="0" /><S m="" P="0,0,0.3,0.2,-30,0,0,0" L="25" X="1023" H="10" Y="562" T="0" /><S m="" P="0,0,0.3,0.2,-25,0,0,0" L="25" X="1043" H="10" Y="552" T="0" /><S m="" P="0,0,0.3,0.2,-20,0,0,0" L="25" X="1061" H="10" Y="545" T="0" /><S m="" P="0,0,0.3,0.2,-10,0,0,0" L="25" X="1081" H="10" Y="540" T="0" /><S m="" P="0,0,0.3,0.2,0,0,0,0" L="25" X="1105" H="10" Y="538" T="0" /><S m="" P="0,0,0.3,0.2,10,0,0,0" L="25" X="1129" H="10" Y="540" T="0" /><S m="" P="0,0,0.3,0.2,15,0,0,0" L="25" X="1152" H="10" Y="545" T="0" /><S m="" P="0,0,0.3,0.2,25,0,0,0" L="25" X="1175" H="10" Y="553" T="0" /><S m="" P="0,0,0.3,0.2,35,0,0,0" L="25" X="1196" H="10" Y="565" T="0" /><S m="" P="0,0,0.3,0.2,35,0,0,0" L="25" X="1214" H="10" Y="579" T="0" /><S m="" P="0,0,0.3,0.2,25,0,0,0" L="25" X="1232" H="10" Y="590" T="0" /><S m="" P="0,0,,,,0,0,0" L="180" X="1510" H="384" Y="398" T="9" /><S m="" P="0,0,0.3,0.2,0,0,0,0" L="200" X="1292" H="13" Y="238" T="0" /><S m="" P="0,0,0.3,0.2,0,0,0,0" L="200" X="1089" H="13" Y="310" T="0" /><S m="" P="0,0,0.3,0.2,0,0,0,0" L="112" X="767" H="20" Y="126" T="0" /><S m="" P="0,0,0.3,0.2,0,0,0,0" L="238" X="797" H="19" Y="271" T="0" /><S m="" P="0,0,0.3,0.2,0,0,0,0" L="65" X="949" H="210" Y="183" T="0" /><S m="" P="0,0,0.3,0.2,-1,0,0,0" L="62" X="576" H="210" Y="271" T="0" /><S m="" P="0,0,0.3,0.2,0,0,0,0" L="315" X="762" H="82" Y="436" T="0" /><S m="" P="0,0,0.3,0.2,0,0,0,0" L="452" X="227" H="25" Y="265" T="0" /><S m="" P="0,0,0.3,0.2,-10,0,0,0" L="15" X="447" H="46" Y="297" T="0" /><S m="" P="0,0,0.3,0.2,-20,0,0,0" L="15" X="452" H="46" Y="313" T="0" /><S m="" P="0,0,0.3,0.2,-40,0,0,0" L="15" X="458" H="46" Y="326" T="0" /><S m="" P="0,0,0.3,0.2,-70,0,0,0" L="15" X="486" H="46" Y="348" T="0" /><S m="" P="0,0,0.3,0.2,-90,0,0,0" L="15" X="500" H="46" Y="351" T="0" /><S m="" P="0,0,0.3,0.2,10,0,0,0" L="15" X="546" H="46" Y="318" T="0" /><S m="" P="0,0,0.3,0.2,-125,0,0,0" L="15" X="527" H="20" Y="345" T="0" /><S m="" P="0,0,0.3,0.2,-150,0,0,0" L="15" X="541" H="20" Y="330" T="0" /><S m="" P="0,0,0.3,0.2,-110,0,0,0" L="15" X="420" H="20" Y="254" T="0" /><S m="" P="0,0,0.3,0.2,-90,0,0,0" L="15" X="442" H="22" Y="246" T="0" /><S m="" P="0,0,0.3,0.2,-120,0,0,0" L="15" X="428" H="20" Y="250" T="0" /></S><D><DS Y="577" X="58" /><DC Y="575" X="173" /></D><O /></Z></C>