<C><P d="x_transformice/x_evt/x_evt_19/svtrixcv/avant-plan.png" D="x_transformice/x_evt/x_evt_19/svtrixcv/fond.jpg" L="3200" /><Z><S><S m="" P="0,0,0.1,0.2,16,0,0,0" L="650" X="606" H="35" Y="344" T="7" /><S m="" P="0,0,0.3,0.2,0,0,0,0" L="23" o="324650" X="272" H="10" Y="238" T="13" /><S m="" P="0,0,0.3,0.2,0,0,0,0" L="15" o="324650" X="256" H="10" Y="232" T="13" /><S m="" P="0,0,0.3,0.2,0,0,0,0" L="16" o="324650" X="262" H="10" Y="222" T="12" /><S m="" P="0,0,0.1,0.2,13,0,0,0" L="104" X="186" H="35" Y="230" T="7" /><S m="" P="0,0,0.3,0.2,0,0,0,0" L="23" o="324650" X="102" H="10" Y="188" T="13" /><S m="" P="0,0,0.3,0.2,0,0,0,0" L="10" o="324650" X="128" H="10" Y="202" T="13" /><S m="" P="0,0,0.3,0.2,0,0,0,0" L="60" o="324650" X="26" H="10" Y="182" T="13" /><S m="" P="0,0,0.3,0.2,0,0,0,0" L="50" X="-25" H="800" Y="200" T="0" /><S m="" P="0,0,0.3,0.2,0,0,0,0" L="50" X="3225" H="800" Y="200" T="0" /><S m="" P="0,0,0.3,0,0,0,0,0" L="40" X="3180" H="40" Y="191" T="10" /><S m="" P="0,0,0.3,0,-20,0,0,0" L="60" X="3092" H="40" Y="235" T="10" /><S m="" P="0,0,0.3,0,-30,0,0,0" L="40" X="3064" H="40" Y="251" T="10" /><S m="" P="0,0,0.3,0,-20,0,0,0" L="40" X="3149" H="40" Y="197" T="10" /><S m="" P="0,0,0.3,0,-10,0,0,0" L="40" X="3123" H="40" Y="214" T="10" /><S m="" P="0,0,,,,0,0,0" L="2750" X="1686" H="250" Y="375" T="9" /><S m="" P="0,0,0.3,0,0,0,0,0" L="17" o="324650" X="3053" H="10" Y="258" T="13" /><S m="" P="0,0,0.3,0.2,0,0,0,0" L="50" o="324650" X="2970" H="10" Y="355" T="13" /><S m="" P="0,0,0.3,0.2,0,0,0,0" L="75" o="324650" X="3035" H="10" Y="356" T="13" /><S m="" P="0,0,0.3,0,0,0,0,0" L="10" o="324650" X="3069" H="10" Y="230" T="13" /><S m="" P="0,0,0.3,0,-45,0,0,0" L="60" o="324650" X="3020" H="10" Y="274" T="12" /><S m="" P="0,0,0.3,0,0,0,0,0" L="10" o="324650" X="3125" H="10" Y="198" T="13" /><S m="" P="0,0,0.3,0,-40,0,0,0" L="30" o="324650" X="3092" H="10" Y="213" T="12" /><S m="" P="0,0,0.3,0,-35,0,0,0" L="60" o="324650" X="2911" H="30" Y="359" T="12" /><S m="" P="0,0,0.3,0,-35,0,0,0" L="60" o="324650" X="2805" H="30" Y="420" T="12" /><S m="" P="0,0,0.3,0,-26,0,0,0" L="80" o="324650" X="2861" H="30" Y="388" T="12" /></S><D><F Y="158" X="106" /><DS Y="148" X="104" /><T Y="171" X="3178" /></D><O /></Z></C>