<C><P Ca="" D="x_transformice/x_maps/x_peche2014/x_montagne.jpg" d="x_transformice/x_maps/x_peche2014/x_montagne2.png" /><Z><S><S m="" P="0,0,0.3,0.2,0,0,0,0" L="10" o="12bd94" X="-5" H="400" Y="200" T="12" /><S m="" P="0,0,0.3,0.2,20,0,0,0" L="100" o="12bd94" X="46" H="10" Y="66" T="12" /><S m="" P="0,0,0.5,0.2,40,0,0,0" L="80" o="12bd94" X="121" H="10" Y="107" T="12" /><S m="" P="0,0,0.5,0.2,60,0,0,0" L="80" o="12bd94" X="169" H="10" Y="165" T="12" /><S m="" P="0,0,0.5,0.2,0,0,0,0" L="80" o="12bd94" X="216" H="10" Y="207" T="12" /><S m="" P="0,0,0.5,0.2,60,0,0,0" L="80" o="12bd94" X="270" H="10" Y="241" T="12" /><S m="" P="0,0,0.5,0.2,-40,0,0,0" L="100" o="12bd94" X="468" H="10" Y="249" T="12" /><S m="" P="0,0,0.5,0.2,-10,0,0,0" L="100" o="12bd94" X="559" H="10" Y="168" T="12" /><S m="" P="0,0,0.5,0.2,-70,0,0,0" L="100" o="12bd94" X="500" H="10" Y="219" T="12" /><S m="" P="0,0,0.5,0.2,-50,0,0,0" L="100" o="12bd94" X="627" H="10" Y="118" T="12" /><S m="" P="0,0,0.5,0.2,-90,0,0,0" L="50" o="12bd94" X="708" H="10" Y="90" T="12" /><S m="" P="0,0,0.5,0.2,0,0,0,0" L="50" o="12bd94" X="728" H="10" Y="65" T="12" /><S m="" P="0,0,0.5,0.2,-60,0,0,0" L="50" o="12bd94" X="754" H="10" Y="42" T="12" /><S m="" P="0,0,0.3,0.2,0,0,0,0" L="10" o="12bd94" X="806" H="400" Y="200" T="12" /><S m="" P="0,0,0.5,0.2,-10,0,0,0" L="100" o="12bd94" X="461" H="10" Y="353" T="12" /><S m="" P="0,0,0.5,0.2,0,0,0,0" L="100" o="12bd94" X="379" H="10" Y="361" T="12" /><S m="" P="0,0,0.5,0.2,10,0,0,0" L="100" o="12bd94" X="304" H="10" Y="358" T="12" /><S m="" P="0,0,0.5,0.2,0,0,0,0" L="100" o="12bd94" X="212" H="10" Y="349" T="12" /><S m="" P="0,0,0.5,0.2,90,0,0,0" L="100" o="12bd94" X="22" H="10" Y="315" T="12" /><S m="" P="0,0,0.5,0.2,0,0,0,0" L="50" o="12bd94" X="689" H="10" Y="93" T="12" /><S m="" P="0,0,0.5,0.2,-90,0,0,0" L="50" o="12bd94" X="660" H="10" Y="92" T="12" /><S m="" P="0,0,0.5,0.2,10,0,0,0" L="100" o="12bd94" X="58" H="10" Y="374" T="12" /><S m="" P="0,0,0.5,0.2,-20,0,0,0" L="100" o="12bd94" X="123" H="10" Y="365" T="12" /><S m="" P="0,0,0.5,0.2,0,0,0,0" L="100" o="12bd94" X="550" H="10" Y="346" T="12" /><S m="" P="0,0,0.5,0.2,20,0,0,0" L="100" o="12bd94" X="638" H="10" Y="362" T="12" /><S m="" P="0,0,0.5,0.2,0,0,0,0" L="100" o="12bd94" X="691" H="10" Y="363" T="12" /><S m="" P="0,0,0.5,0.2,-80,0,0,0" L="100" o="12bd94" X="769" H="10" Y="317" T="12" /><S m="" P="0,0,0.5,0.2,0,0,0,0" L="70" o="12bd94" X="371" H="10" Y="319" T="12" /></S><D><DS Y="148" X="558" /></D><O /></Z></C>