<C><P /><Z><S><S Y="360" T="0" P="0,0,0.3,0.2,0,0,0,0" L="800" H="80" X="400" /></S><D><P Y="0" T="34" P="0,0" X="0" C="719b9f" /><T Y="320" X="49" /><P Y="320" T="16" X="224" P="0,0" /><P Y="319" T="17" X="311" P="0,0" /><P Y="284" T="18" P="1,0" X="337" C="57703e,e7c3d6" /><P Y="284" T="21" X="294" P="0,0" /><P Y="134" T="23" X="135" P="0,0" /><P Y="320" T="24" P="0,1" X="677" C="46788e" /><P Y="320" T="26" X="588" P="1,0" /><P Y="193" T="14" P="0,0" X="562" C="95311e,bde8f3,faf1b3" /></D><O /></Z></C>