{"Akiwi":{"comments":["",""],"flag":"BR","reporters":["Professormal","Professormal"],"status":"online","types":[0,0]},"Blade":{"banby":"Zone","banhours":325,"banreason":"Dvg Mice","comments":["#@@#"],"flag":"BR","reporters":["Fodlol"],"status":"disconnected","types":[1]},"Coronel":{"comments":[""],"flag":"BR","reporters":["Papyjo"],"status":"disconnected","types":[0]},"Fodlol":{"banby":"Zeus","banhours":360,"banreason":"","comments":["","kkkkkkkkkkkkkkkk","","Agil Speed Leve Fly Wj Fly etc"],"flag":"BR","reporters":["Akiwi","Veigar","Ninguem","Burnbitch"],"status":"disconnected","types":[1,0,0,0]},"Griffnoria":{"comments":["voce voi banido por 1 hora modivo:hack"],"flag":"BR","reporters":["Veigar"],"status":"disconnected","types":[0]},"Herk":{"banby":"Deusa","banhours":360,"banreason":"farm nub","comments":["drtr"],"flag":"BR","reporters":["Fodlol"],"status":"disconnected","types":[3]},"Hoshua":{"comments":[""],"flag":"BR","reporters":["Ninguem"],"status":"disconnected","types":[0]},"Koringa":{"banby":"Null","banhours":0,"banreason":"proximo \u00e9 1h !","comments":[""],"flag":"BR","reporters":["Aly"],"status":"disconnected","types":[0]},"Leorxy":{"comments":[""],"flag":"BR","reporters":["Fodlol"],"status":"disconnected","types":[3]},"Mhcrata":{"comments":["speed","Speed","speed"],"flag":"BR","reporters":["Envidiame","Anjodomal","Anjodomal"],"status":"disconnected","types":[0,0,0]},"Pix":{"comments":["motivo hack speed"],"flag":"BR","reporters":["Black"],"status":"disconnected","types":[0]},"Quemerdacara":{"comments":[""],"flag":"BR","reporters":["Aly"],"status":"disconnected","types":[1]},"Snoke":{"comments":["auto win"],"flag":"BR","reporters":["Mhcrata"],"status":"disconnected","types":[0]},"Sweg":{"comments":["dv"],"flag":"BR","reporters":["Anjodomal"],"status":"disconnected","types":[1]},"Swoops":{"comments":["",""],"flag":"BR","reporters":["Belaratolina","Ratolinabela"],"status":"disconnected","types":[2,2]},"Til":{"comments":["Pr0 demais"],"flag":"BR","reporters":["Xilai"],"status":"disconnected","types":[4]},"Transforhous":{"banby":"Zone","banhours":325,"banreason":"dv","comments":[""],"flag":"BR","reporters":["Ratolinabela"],"status":"disconnected","types":[1]},"Vaigar":{"comments":["",""],"flag":"BR","reporters":["Ninguem","Rac"],"status":"disconnected","types":[0,0]},"Vargas":{"comments":[""],"flag":"BR","reporters":["Aly"],"status":"disconnected","types":[1]},"Vendodorgas":{"banby":"Floew","banhours":360,"banreason":"hack","comments":["lixo hack se acha"],"flag":"BR","reporters":["Quemerdacara"],"status":"disconnected","types":[0]},"Wol":{"comments":[""],"flag":"BR","reporters":["Akiwi"],"status":"disconnected","types":[1]},"Wooper":{"banby":"Null","banhours":999999,"banreason":"avisa o edd q ele ta fudido na minha mao !","comments":[""],"flag":"BR","reporters":["Fodlol"],"status":"disconnected","types":[4]},"Wrfueahdjscx":{"comments":["Dvulgando "],"flag":"BR","reporters":["Lenda"],"status":"disconnected","types":[1]},"names":["Herk","Blade","Snoke","Mhcrata","Wrfueahdjscx","Sweg","Til","Quemerdacara","Swoops","Leorxy","Vendodorgas","Koringa","Vargas","Hoshua","Fodlol","Wol","Pix","Griffnoria","Akiwi","Coronel","Vaigar","Transforhous","Wooper"]}