<C><P F="1" /><Z><S><S Y="322" T="6" P="0,0,0.3,0.2,10,0,0,0" L="80" X="42" H="300" /><S N="" Y="257" T="6" P="0,0,0.3,0.2,0,0,0,0" L="80" H="300" X="91" /><S N="" Y="316" T="6" P="0,0,0.3,0.2,0,0,0,0" L="80" X="703" H="200" /><S Y="155" T="6" P="1,0,0.3,0.2,20,0,0,0" c="3" L="40" X="112" H="10" /><S Y="190" T="8" P="1,0,0.3,0.2,50,0,0,0" c="4" L="80" X="151" H="10" /><S Y="234" T="6" P="1,0,0.3,0.2,60,0,0,0" c="3" L="40" H="10" X="183" /><S Y="280" T="8" P="1,0,0.3,0.2,60,0,0,0" c="4" L="80" H="10" X="210" /><S Y="321" T="6" P="1,0,0.3,0.2,30,0,0,0" L="40" X="243" H="10" /><S Y="345" T="8" P="1,0,0.3,0.2,20,0,0,0" c="4" L="80" X="296" H="10" /><S Y="362" T="8" P="1,0,0.3,0.2,0,0,0,0" c="4" L="80" H="10" X="392" /><S Y="357" T="8" P="1,0,0.3,0.2,-20,0,0,0" c="4" L="80" X="569" H="10" /><S Y="335" T="6" P="1,0,0.3,0.2,-40,0,0,0" c="3" L="40" H="10" X="618" /><S Y="303" T="8" P="1,0,0.3,0.2,-40,0,0,0" c="4" L="80" H="10" X="656" /><S Y="266" T="6" P="1,0,0.3,0.2,-60,0,0,0" c="3" L="40" X="694" H="10" /><S Y="368" T="8" P="1,0,0.3,0.2,180,0,0,0" X="500" L="80" H="10" c="4" /><S Y="365" T="6" P="1,0,0.3,0.2,10,0,0,0" L="40" X="445" H="10" /><S Y="359" T="6" P="1,0,0.3,0.2,10,0,0,0" L="40" H="10" X="344" /></S><D><T Y="108" X="92" /><F Y="212" X="702" /><P Y="552" T="1" X="12" P="1,0" /><P Y="526" T="1" X="145" P="1,1" /><P Y="414" T="5" X="222" P="0,0" /><P Y="503" T="6" X="311" P="1,0" /><P Y="467" T="6" X="299" P="0,1" /><P Y="544" T="1" X="483" P="1,1" /><P Y="561" T="1" X="404" P="1,0" /><P Y="218" T="3" X="736" P="0,0" /><P Y="173" T="12" X="58" P="0,0" /><P Y="525" T="6" X="630" P="1,0" /><P Y="468" T="1" X="729" P="1,1" /><P Y="494" T="6" X="716" P="1,0" /></D><O><O Y="149" P="0" X="97" C="13" /><O Y="253" P="0" X="702" C="12" /><O Y="162" P="0" X="127" C="14" /><O Y="220" P="0" X="173" C="14" /><O Y="249" P="0" X="191" C="14" /><O Y="312" P="0" X="228" C="14" /><O Y="333" P="0" X="260" C="14" /><O Y="362" P="0" X="358" C="14" /><O Y="368" P="0" X="537" C="14" /><O Y="345" P="0" X="605" C="14" /><O Y="325" P="0" X="630" C="14" /><O Y="279" P="0" X="684" C="14" /><O Y="364" P="0" X="428" C="14" /><O Y="369" P="0" X="462" C="14" /><O Y="356" P="0" X="328" C="14" /></O></Z></C>