{
    "ET_SignaleAjoutAmiBidirectionnel": 82,
    "ST_AjoutAmi": 98,
    "ET_SignaleMembresQuittentCanal": 88,
    "ET_ErreurListeNoire": 96,
    "ET_SignaleDeconnexionAmi": 59,
    "ET_ErreurListeHistoriqueTribu": 129,
    "ST_DemandeDivorce": 137,
    "ST_IdentificationService": 11,
    "ST_RenommerRang": 51,
    "ST_ChangerCodeMaisonTFM": 93,
    "ET_DemandeNouveauxMessagesPrivesWeb": 68,
    "ST_DefinitModeSilence": 109,
    "ET_ResultatAjoutListeNoire": 110,
    "ET_SignaleModificationLocalisationMembreTribu": 33,
    "ET_SignaleExclusion": 50,
    "ET_ErreurMembresTribu": 84,
    "ET_ErreurInviterMembre": 94,
    "ET_ErreurDemandeEnMariage": 6,
    "ET_ResultatQuitterCanal": 118,
    "ST_RejoindreCanal": 126,
    "ET_ResultatInformationsTribuSimple": 81,
    "ET_ResultatRetireAmi": 111,
    "ET_ResultatInformationsTribu": 22,
    "ST_AffecterRang": 128,
    "ET_SignaleMembreQuitteCanal": 18,
    "ET_ResultatMessageCanal": 4,
    "ET_SignaleChangementCodeMaisonTFM": 2,
    "ST_ListeHistoriqueTribu": 131,
    "ET_ErreurInformationsTribu": 147,
    "ET_ResultatAjoutAmi": 17,
    "ST_DesignerChefSpirituel": 32,
    "ET_SignaleModificationLocalisationAmi": 25,
    "ET_ResultatMessagePrive": 27,
    "ST_RenommerTribu": 153,
    "ET_ErreurRepondInvitationTribu": 149,
    "ET_SignaleConnexionAmi": 156,
    "ET_ErreurDemandeInfosJeuUtilisateur": 26,
    "ST_SupprimerDroitRang": 23,
    "ST_MiseAJourLocalisations": 67,
    "ST_QuitterCanal": 80,
    "ET_ResultatListeHistoriqueTribu": 140,
    "ST_RetireListeNoire": 103,
    "ET_SignaleChangementAvatar": 162,
    "ET_ResultatSupprimerDroitRang": 36,
    "ET_SignalNouveauxMessagesPrivesWeb": 15,
    "ET_SignaleRetraitAmi": 77,
    "ET_ResultatMembresTribu": 29,
    "ST_ListeAmis": 164,
    "ET_ResultatCreerTribu": 20,
    "ET_ErreurInformationsTribuSimple": 83,
    "ST_RepondDemandeEnMariage": 142,
    "ET_ResultatListeAmis": 134,
    "ET_ErreurListeAmis": 148,
    "ET_ErreurListeRangs": 139,
    "ST_ExclureMembre": 52,
    "ET_ResultatChangerDeGenre": 132,
    "ST_SignaleChangementDeGenre": 159,
    "ET_ResultatDemandeDivorce": 91,
    "ET_SignaleInvitationTribu": 78,
    "ET_SignaleAjoutListeNoire": 104,
    "ET_ResultatRenommerTribu": 100,
    "ET_ResultatQuitterTribu": 127,
    "ET_ResultatInverserOrdreRangs": 34,
    "ET_ResultatDonneesUtilisateur": 106,
    "ET_ReponseDemandeInfosJeuUtilisateur": 122,
    "ET_ResultatListeRangs": 55,
    "ET_ResultatChangerCodeMaisonTFM": 8,
    "ET_SignaleDissolutionTribu": 44,
    "ET_SignaleChangementDeGenre": 159,
    "ST_QuitterTribu": 141,
    "ST_RepondInvitationTribu": 135,
    "ET_ResultatRenommerRang": 138,
    "ET_SignaleNouveauMembre": 117,
    "ET_SignalNouveauMessagePriveWeb": 45,
    "ST_AjoutListeNoire": 113,
    "ET_ResultatDesignerChefSpirituel": 108,
    "ET_RecoitMessagePrive": 24,
    "ST_DemandeInformationsTribuSimpleParNom": 107,
    "ET_ResultatDefinitModeSilence": 79,
    "ET_ResultatChangerMessageJour": 152,
    "ET_ResultatAjouterRang": 60,
    "ET_SignaleChangementRang": 163,
    "ET_ResultatMiseAJourLocalisation": 133,
    "ET_CreerTribu": 31,
    "ET_ResultatRepondDemandeEnMariage": 14,
    "ET_SignaleDemandeEnMariage": 112,
    "ET_ResultatDemandeEnMariage": 35,
    "ST_DissoudreTribu": 115,
    "ST_ListeNoire": 143,
    "ET_SignaleConnexionAmis": 75,
    "ET_SignaleDeconnexionAmis": 120,
    "ET_SignaleRejointCanal": 90,
    "ST_DemandeMembresTribu": 42,
    "ET_SignaleAjoutAmi": 89,
    "ET_ResultatInviterMembre": 37,
    "ET_ErreurDemandeMembresCanal": 73,
    "ET_SignaleRetraitAmiBidirectionnel": 136,
    "ET_ResultatMiseAJourLocalisations": 70,
    "ST_SignaleChangementAvatar": 162,
    "ET_SignaleMembreRejointCanal": 21,
    "ET_SignaleMessageCanal": 145,
    "ET_ResultatListeNoire": 48,
    "ET_SignaleMariage": 87,
    "ST_EnvoitMessagePrive": 13,
    "ST_ChangerDeGenre": 76,
    "ET_ResultatExclureMembre": 119,
    "ET_ResultatDemandeMembresCanal": 99,
    "ST_RetireAmi": 66,
    "ST_AjouterRang": 1,
    "ST_AjouterDroitRang": 92,
    "ST_DemandeInformationsTribu": 12,
    "ST_ListeRangs": 19,
    "ET_ResultatIdentificationService": 116,
    "ET_SignaleChangementMessageJour": 9,
    "ET_ErreurAjouterRang": 69,
    "ET_ResultatSupprimerRang": 62,
    "ST_MiseAJourLocalisation": 151,
    "ET_ResultatDissoudreTribu": 123,
    "ST_SignalNouveauxMessagesPrivesWeb": 15,
    "ET_SignaleDivorce": 39,
    "ET_RecoitMessagePriveSysteme": 58,
    "ST_DefinitDonneesUtilisateur": 146,
    "ST_SignalNouveauMessagePriveWeb": 45,
    "ET_SignaleTribuCreee": 46,
    "ST_DemandeEnMariage": 157,
    "ST_InviterMembre": 3,
    "ST_DemandeDonneesUtilisateur": 125,
    "ET_ResultatAjouterDroitRang": 63,
    "ET_SignaleConnexionMembres": 161,
    "ST_EnvoitMessageCanal": 150,
    "ET_SignaleDeconnexionMembre": 49,
    "ET_SignaleDepartMembre": 41,
    "ET_ResultatRetireListeNoire": 61,
    "ST_CreerTribu": 31,
    "ET_ErreurDonneesUtilisateur": 40,
    "ST_ChangerMessageJour": 43,
    "ST_RequeteDemandeInfosJeuUtilisateur": 54,
    "ET_DemandeNouveauxMessagesPrivesWebEnMasse": 155,
    "ET_ResultatAffecterRang": 57,
    "ST_InverserOrdreRangs": 74,
    "ET_SignaleRetraitListeNoire": 7,
    "ET_SignaleDeconnexionMembres": 102,
    "ET_ResultatRejoindreCanal": 28,
    "ST_DemandeMembresCanal": 30,
    "ET_SignaleQuitteCanal": 86,
    "ET_ResultatDefinitDonneesUtilisateur": 95,
    "ET_SignaleMembresRejoignentCanal": 97,
    "ST_ResultatCreerTribu": 20,
    "ET_SignaleConnexionMembre": 130,
    "ST_SupprimerRang": 114
}