{
"CreateTribe"			: 31,
"UpdateTribe"			: 12,
"Members"				: 42,
"TribeMessage"			: 43,
"ExitTribe1"			: 141,
"ExitTribe2"			: 115,
"TribeHouse"			: 93,
"Recrute"				: 3,
"ValidateRecrute"		: 135,
"CreateRanking"			: 1,
"DeleteRanking"			: 114,
"TransportarCargos"		: 128,
"DeleteTriboMember"		: 52,
"AddRankInfo"			: 92,
"RemoveRankInfo"		: 23,
"RenameRank"			: 51,
"UpRank"				: 74,
"Historic"				: 131,
"EnterChat"				: 0,
"ExitChat"				: 0,
"CommandChat"			: 0,
"TribeChat"				: 150,
"Silence"				: 0,
"Whisper"				: 13,
"Ignored"				: 113,
"OpenFriendList"		: 164,
"RemoveIgnored"			: 103,
"AddUsername"			: 98,
"RemoveUsername"		: 66,
"MarryInvite"			: 157,
"MarryOkay"				: 142,
"MarryEnd"				: 137,
"Sexo"					: 76
}