{
"Tokens": {
"Login" : 20,
"Login Start" : 37,
"Login Account" : 18,
"Open Room" : 60,

"Old Protocol" : 9,

"Mulodrome" : 41,
"Mulodrome Close" : 95,
"Mulodrome Select" : 104,
"Mulodrome Remove" : 43,
"Cafe Open" : 92,
"Cafe Reload" : 65,
"Cafe Select" : 57,
"Cafe Points" : 107,
"Cafe Comments" : 84,
"Cafe Topic" : 2,

"Inventari" : 10,
"Inventari Placement" : 11,
"TRADE Open" : 0,
"TRADE Object" : 0,
"TRADE Send" : 0,
"TRADE Cancel" : 0,

"Tribulle Start" : 25,

"Mpwet" : 47,
"Mpwet Open" : 102,
"Mpwet Remove" : 81,
"Mpwet Watch" : 102,
"Mpwet Ban" : 47,
"Mpwet Langue" : 20,
"Mpwet Chatlog" : 91,

"Player" : 22,
"Player Sit" : 28,
"Player Mobile" : 100,
"Player Position" : 22,
"Player Death" : 33,

"Client" : 33,
"Client Cheese" : 79,
"Client Hole" : 39,
"Client Points" : 50,
"Client Commands" : 94,
"Client Music Send" : 1,
"Client Music Time" : 0,
"Client Music List" : 29,

"Client Speed" : 0,
"Client Convert" : 0,
"Client Remove": 0,
"Client Roompass" : 0,
"Client Icecube" : 88,
"Client Remove Anchor": 0,
"Client ItemFolha" : 59,
"Client Remove Gravidade" : 0,
"Client Reparador" : 0,
"Client SelectObject" : 41,

"Chat" : 108,
"Chat Team" : 37,
"Send Report" : 47,

"Send Langue" : 1,
"Send Smilies" : 33,
"Send Redistribution" : 28,
"Send Points" : 21,
"Send Fly" : 0,
"Send Transform" : 0,
"Send Meep" : 101,

"Tribe House" : 5,
"Buy Fraises" : [25, 35],

"Shop" : 74,
"Shop Open" : 104,
"Shop Buy Item" : 79,
"Shop Equip Item" : 39,
"Shop Custom" : 21,
"Shop Buy Shaman" : 81,
"Shop Equip Shaman" : 64,
"Shop Custom Shaman" : 20,
"Shop Custom Buy Shaman" : 47,
"Shop Buy Look" : 28,
"Shop Save Look" : 18,
"Shop Equip Look" : 108,
"Shop Present" : 98,
"Shop Present Message" : 82,

"Game" : 64,
"Game Hardmode" : 35,
"Game Hardcolor" : 59,
"Game E-mail" : 0,
"Game E-code" : 0,
"Game E-pass" : 0,
"Game Re-Code" : 0,
"Game Stats" : 0,
"Game Log" : 9,

"Transformation" : [91, 63],

"Lua" : 82,
"Lua Event" : 21,
"Lua Key" : 11,
"Lua GameMode" : 0
},
"Options" : {
"TFM Color" : ["00cffe", "FFFB00"],
   "TFM Name" : ["Transformice", "Source"],
   "TFM Verbose" : 0,
   "TFM Source" : "Kosh",
   "TFM Version" : "1.236",
   "TFM Ckey" : "hsffmmwv",
   "TFM Vkey" : "34.122",
"TFM Ports" : [443, 44440, 44444, 5555, 3724, 6112]
}
}