{
	"NPC": {
		1: [-1, "Oracle", 299, True, "61;0,0,0,0,0,19_3d100f+1fa896+ffe15b,0,0,0", 2187, 381],
		2: [-2, "Papaille", 298, True, "4;2,0,2,2,0,0,0,0,1", 2394, 209],
		3: [-3, "Elise", 349, True, "3;10,0,1,0,1,0,0,1,0", 2329, 209],
		4: [-4, "Buffy", 347, True, "$Buffy", 1908, 499],
		5: [-5, "Indiana Mouse", 296, False, "45;0,0,0,0,0,0,0,0,0", 174, 714],
		6: [-6, "Prof", 327, False, "$Proviseur", 289, 715],
		7: [-7, "Cassidy", 280, False, "$Barman", 2770, 549],
		8: [-8, "Von Drekkemouse", 287, False, "$Halloween", 1672, 378]
	},
	
    "Shop": {
		"Wise Stranger": [
            [1, 131, 1, 4, 2253, 200],
            [3, 377, 1, 4, 2253, 50],
            [3, 291, 1, 4, 2253, 50],
            [3, 365, 1, 4, 2253, 50],
            [3, 355, 1, 4, 2253, 50],
            [3, 400, 1, 4, 2253, 100]

        ],
        "Savior": [
            [1, 132, 1, 4, 2254, 200],
            [3, 322, 1, 4, 2254, 50],
            [3, 319, 1, 4, 2254, 50],
            [3, 390, 1, 4, 2254, 50],
            [3, 391, 1, 4, 2254, 200],
            [3, 399, 1, 4, 2254, 150]

        ],
        "Oracle": [
            [1, 145, 1, 4, 2253, 200],
            [2, 16, 1, 4, 2253, 150],
            [2, 28, 1, 4, 2253, 150],
            [2, 20, 1, 4, 2253, 150],
            [2, 24, 1, 4, 2253, 150],
            [2, 21, 1, 4, 2253, 150],
            [3, 390, 1, 4, 2253, 50],
            [3, 391, 1, 4, 2253, 200],
            [3, 399, 1, 4, 2253, 150]            
        ],

        "Papaille": [
            [4, 800, 50, 4, 2253, 50],
            [4, 800, 50, 4, 2254, 50],
            [4, 800, 50, 4, 2260, 50],
            [4, 800, 50, 4, 2261, 50],
			[4, 801, 50, 4, 2253, 50],
            [4, 801, 50, 4, 2254, 50],
            [4, 801, 50, 4, 2260, 50],
            [4, 801, 50, 4, 2261, 50],
			[4, 800, 200, 4, 2253, 200],
            [4, 800, 200, 4, 2254, 200],
            [4, 800, 200, 4, 2260, 200],
            [4, 800, 200, 4, 2261, 200],
			[4, 801, 200, 4, 2253, 200],
            [4, 801, 200, 4, 2254, 200],
            [4, 801, 200, 4, 2260, 200],
            [4, 801, 200, 4, 2261, 200]			
			
        ],

        "Elise": [
            [4, 21, 5, 4, 2253, 1],
            [4, 2246, 3, 4, 2253, 2],
            [4, 16, 1, 4, 2254, 1],
            [4, 6, 1, 4, 2260, 3],
            [4, 14, 3, 4, 2261, 2],
			[4, 2241, 3, 4, 2261, 2]
        ],

        "Buffy": [
            [1, 147, 1, 4, 2254, 200],
            [3, 392, 1, 4, 2254, 50],
            [3, 398, 1, 4, 2254, 150]
        ],

        "Indiana Mouse": [            
            [1, 17, 1, 4, 2257, 50],
            [1, 6, 1, 4, 2257, 50],           
            [2, 3, 1, 4, 2257, 50], 
			[2, 1, 1, 4, 2254, 150], 
			[2, 2, 1, 4, 2254, 150], 
			[2, 3, 1, 4, 2254, 150], 
			[2, 4, 1, 4, 2254, 150], 
			[2, 5, 1, 4, 2254, 150], 
			[2, 6, 1, 4, 2254, 150], 
			[2, 7, 1, 4, 2254, 150], 
			[2, 8, 1, 4, 2254, 150], 
			[2, 9, 1, 4, 2254, 150], 
			[2, 10, 1, 4, 2254, 150], 
			[2, 11, 1, 4, 2254, 150], 
			[2, 12, 1, 4, 2254, 150], 
			[2, 13, 1, 4, 2254, 150], 
			[2, 14, 1, 4, 2254, 150], 
			[2, 15, 1, 4, 2254, 150], 
			[2, 16, 1, 4, 2254, 150], 
			[2, 17, 1, 4, 2254, 150], 
			[2, 18, 1, 4, 2254, 150], 
			[2, 19, 1, 4, 2254, 150], 
			[2, 20, 1, 4, 2254, 150], 
			[2, 21, 1, 4, 2254, 150], 
			[2, 22, 1, 4, 2254, 150], 
			[2, 23, 1, 4, 2254, 150], 
			[2, 24, 1, 4, 2254, 150], 
			[2, 25, 1, 4, 2254, 150], 
			[2, 26, 1, 4, 2254, 150], 
			[2, 27, 1, 4, 2254, 150], 
			[2, 28, 1, 4, 2254, 150]
        ],

        "Prof": [
            [1, 71, 1, 4, 2257, 5],
            [1, 73, 1, 4, 2257, 5],
            [1, 131, 1, 4, 2257, 5],
            [1, 134, 1, 4, 2257, 5],
            [1, 188, 1, 4, 2257, 5],
			[1, 190, 1, 4, 2257, 5],
            [1, 193, 1, 4, 2257, 5],
            [1, 182, 1, 4, 2257, 5],
            [1, 193, 1, 4, 2257, 5],
            [1, 202, 1, 4, 2257, 5]
        ],

        "Cassidy": [
            [3, 400, 1, 4, 2261, 100],
            [2, 23, 1, 4, 2261, 150],
            [1, 154, 1, 4, 2261, 200]
        ],

        "Von Drekkemouse": [
            [1, 153, 1, 4, 2260, 200],
            [3, 401, 1, 4, 2260, 100]
        ]
		
    }
}