{
    "ET_SignaleAjoutAmiBidirectionnel": 83,
    "ST_AjoutAmi": 99,
    "ET_SignaleMembresQuittentCanal": 89,
    "ET_ErreurListeNoire": 97,
    "ET_SignaleDeconnexionAmi": 60,
    "ET_ErreurListeHistoriqueTribu": 130,
    "ST_DemandeDivorce": 138,
    "ST_IdentificationService": 12,
    "ST_RenommerRang": 52,
    "ST_ChangerCodeMaisonTFM": 94,
    "ET_DemandeNouveauxMessagesPrivesWeb": 69,
    "ST_DefinitModeSilence": 110,
    "ET_ResultatAjoutListeNoire": 111,
    "ET_SignaleModificationLocalisationMembreTribu": 34,
    "ET_SignaleExclusion": 51,
    "ET_ErreurMembresTribu": 85,
    "ET_ErreurInviterMembre": 95,
    "ET_ResultatQuitterCanal": 119,
    "ET_ErreurDemandeEnMariage": 7,
    "ST_RejoindreCanal": 127,
    "ET_ResultatInformationsTribuSimple": 82,
    "ST_AffecterRang": 129,
    "ET_ResultatRetireAmi": 112,
    "ET_ResultatInformationsTribu": 23,
    "ET_SignaleMembreQuitteCanal": 19,
    "ET_ResultatMessageCanal": 4,
    "ET_SignaleChangementCodeMaisonTFM": 2,
    "ST_ListeHistoriqueTribu": 132,
    "ET_ErreurInformationsTribu": 148,
    "ET_ResultatAjoutAmi": 18,
    "ST_DesignerChefSpirituel": 33,
    "ET_ResultatMessagePrive": 28,
    "ET_SignaleModificationLocalisationAmi": 26,
    "ST_RenommerTribu": 154,
    "ET_ErreurRepondInvitationTribu": 150,
    "ET_SignaleConnexionAmi": 157,
    "ST_PingUtilisateur": 5,
    "ET_ErreurDemandeInfosJeuUtilisateur": 27,
    "ST_SupprimerDroitRang": 24,
    "ST_MiseAJourLocalisations": 68,
    "ST_QuitterCanal": 81,
    "ET_ResultatListeHistoriqueTribu": 141,
    "ST_RetireListeNoire": 104,
    "ET_SignaleChangementAvatar": 163,
    "ET_ResultatSupprimerDroitRang": 37,
    "ET_SignalNouveauxMessagesPrivesWeb": 16,
    "ET_SignaleRetraitAmi": 78,
    "ET_ResultatMembresTribu": 30,
    "ST_ListeAmis": 165,
    "ET_ResultatCreerTribu": 21,
    "ET_ErreurInformationsTribuSimple": 84,
    "ST_RepondDemandeEnMariage": 143,
    "ET_ResultatListeAmis": 135,
    "ET_ErreurListeAmis": 149,
    "ST_ExclureMembre": 53,
    "ET_ErreurListeRangs": 140,
    "ET_ResultatChangerDeGenre": 133,
    "ST_SignaleChangementDeGenre": 160,
    "ET_ResultatDemandeDivorce": 92,
    "ET_SignaleInvitationTribu": 79,
    "ET_SignaleAjoutListeNoire": 105,
    "ET_ResultatRenommerTribu": 101,
    "ET_ResultatQuitterTribu": 128,
    "ET_ResultatInverserOrdreRangs": 35,
    "ET_ResultatDonneesUtilisateur": 107,
    "ET_ReponseDemandeInfosJeuUtilisateur": 123,
    "ET_ResultatListeRangs": 56,
    "ET_ResultatChangerCodeMaisonTFM": 9,
    "ET_SignaleDissolutionTribu": 45,
    "ET_SignaleChangementDeGenre": 160,
    "ST_RepondInvitationTribu": 136,
    "ST_QuitterTribu": 142,
    "ET_ResultatRenommerRang": 139,
    "ET_SignaleNouveauMembre": 118,
    "ET_SignalNouveauMessagePriveWeb": 46,
    "ST_AjoutListeNoire": 114,
    "ET_RecoitMessagePrive": 25,
    "ET_ResultatDesignerChefSpirituel": 109,
    "ST_DemandeInformationsTribuSimpleParNom": 108,
    "ET_ResultatAjouterRang": 61,
    "ET_ResultatChangerMessageJour": 153,
    "ET_ResultatDefinitModeSilence": 80,
    "ET_SignaleChangementRang": 164,
    "ET_ResultatMiseAJourLocalisation": 134,
    "ET_CreerTribu": 32,
    "ET_ResultatRepondDemandeEnMariage": 15,
    "ET_SignaleDemandeEnMariage": 113,
    "ET_ResultatDemandeEnMariage": 36,
    "ST_DissoudreTribu": 116,
    "ST_ListeNoire": 144,
    "ET_SignaleConnexionAmis": 76,
    "ST_DemandeMembresTribu": 43,
    "ET_SignaleDeconnexionAmis": 121,
    "ET_SignaleRejointCanal": 91,
    "ET_SignaleAjoutAmi": 90,
    "ET_ResultatInviterMembre": 38,
    "ET_ErreurDemandeMembresCanal": 74,
    "ET_SignaleRetraitAmiBidirectionnel": 137,
    "ET_ResultatMiseAJourLocalisations": 71,
    "ST_SignaleChangementAvatar": 163,
    "ET_SignaleMembreRejointCanal": 22,
    "ET_SignaleMessageCanal": 146,
    "ET_ResultatListeNoire": 49,
    "ST_EnvoitMessagePrive": 14,
    "ET_SignaleMariage": 88,
    "ST_ChangerDeGenre": 77,
    "ET_ResultatExclureMembre": 120,
    "ET_ResultatDemandeMembresCanal": 100,
    "ST_RetireAmi": 67,
    "ST_AjouterRang": 1,
    "ST_AjouterDroitRang": 93,
    "ST_DemandeInformationsTribu": 13,
    "ST_ListeRangs": 20,
    "ET_SignaleChangementMessageJour": 10,
    "ET_ResultatIdentificationService": 117,
    "ET_ErreurAjouterRang": 70,
    "ET_ResultatSupprimerRang": 63,
    "ET_ResultatDissoudreTribu": 124,
    "ST_MiseAJourLocalisation": 152,
    "ET_SignaleDivorce": 40,
    "ET_RecoitMessagePriveSysteme": 59,
    "ST_SignalNouveauxMessagesPrivesWeb": 16,
    "ST_DefinitDonneesUtilisateur": 147,
    "ST_SignalNouveauMessagePriveWeb": 46,
    "ET_SignaleTribuCreee": 47,
    "ST_DemandeEnMariage": 158,
    "ST_InviterMembre": 3,
    "ST_DemandeDonneesUtilisateur": 126,
    "ET_ResultatAjouterDroitRang": 64,
    "ET_SignaleConnexionMembres": 162,
    "ST_EnvoitMessageCanal": 151,
    "ET_SignaleDeconnexionMembre": 50,
    "ET_SignaleDepartMembre": 42,
    "ET_ResultatRetireListeNoire": 62,
    "ST_CreerTribu": 32,
    "ET_ErreurDonneesUtilisateur": 41,
    "ST_RequeteDemandeInfosJeuUtilisateur": 55,
    "ST_ChangerMessageJour": 44,
    "ET_DemandeNouveauxMessagesPrivesWebEnMasse": 156,
    "ET_ResultatAffecterRang": 58,
    "ET_SignaleRetraitListeNoire": 8,
    "ST_InverserOrdreRangs": 75,
    "ET_ResultatRejoindreCanal": 29,
    "ET_SignaleDeconnexionMembres": 103,
    "ST_DemandeMembresCanal": 31,
    "ET_ResultatDefinitDonneesUtilisateur": 96,
    "ET_SignaleQuitteCanal": 87,
    "ET_SignaleMembresRejoignentCanal": 98,
    "ST_ResultatCreerTribu": 21,
    "ET_SignaleConnexionMembre": 131,
    "ST_SupprimerRang": 115
}