{
	"texts": {
        "BR": {
            "shopp": {
		        "title": "<font size='13'><J><p align='center'>Sistemas especiais</p></font>\n",
                "main": "\n\n<font size='13'><p align='left'><N> Olá <ROSE>%1<N>, você possui <J>%2 <N>moedas.\n\n<N>Esses sistemas estão em fase beta então não sei se vai funcioar\n\n<N>»<J> <a href='event:shopp:changeTab-5-1'>Insignias</a>\n<N>»<J> <a href='event:shopp:changeTab-6-1'>Esferas</a>\n<N>»<J> <a href='event:shopp:changeTab-2-1'>Titulos</a>",
                "header": "\n\n<p align='left'><N> Olá <ROSE>%1<N>, você possui <J>%2 <N>moedas.\n\n<N>Abaixo está uma lista de itens que podem ser comprados com moedas:\n",
                "coins": "moedas",
                "confirmBuy": "\n\n<N><p align='center'>Deseja realmente comprar o item <J>%1 <N>por <J>%2 <N>moedas?\n\n<V><b><a href='event:shopp:confirmBuyItem-%3-%4'>Sim</a></b> - <R><b><a href='event:shopp:changeTab-%5-%6'>Não</a></b></p>",
                "confirmBuyBadge": "\n\n<N><p align='center'>Deseja realmente comprar a medalha \n<img src='http://www.transformice.com/images/x_transformice/x_badges/x_%1.png' hspace='175' vspace='10'>\n\n\n\n <N>por <J>%2 <N>moedas?\n\n<V><b><a href='event:shopp:confirmBuyItem-%3-%4'>Sim</a></b> - <R><b><a href='event:shopp:changeTab-%5-%6'>Não</a></b></p>",
                "confirmBuyShamanBadge": "\n\n<N><p align='center'>Deseja realmente comprar a esfera \n<img src='http://room32.net/images/shopp/shamanBadges/%1.png' hspace='175' vspace='10'>\n\n\n\n\n <N>por <J>%2 <N>moedas?\n\n<V><b><a href='event:shopp:confirmBuyItem-%3-%4'>Sim</a></b> - <R><b><a href='event:shopp:changeTab-%5-%6'>Não</a></b></p>",
                "buyErrorNoCoins": "\n\n<N><p align='center'>Você não tem moedas suficientes para comprar o item <J>%1\n\n<V><b><a href='event:shopp:changeTab-%2-%3'>OK</a></b>",
                "buyBadgeErrorNoCoins": "\n\n<N><p align='center'>Você não tem moedas suficientes para comprar esta medalha.\n\n<V><b><a href='event:shopp:changeTab-%1-%2'>OK</a></b>",
                "buyShamanBadgeErrorNoCoins": "\n\n<N><p align='center'>Você não tem moedas suficientes para comprar esta esfera.\n\n<V><b><a href='event:shopp:changeTab-%1-%2'>OK</a></b>",
                "buyErrorHas": "\n\n<N><p align='center'>Você já tem o item <J>%1\n\n<V><b><a href='event:shopp:changeTab-%2-%3'>OK</a></b>",
                "buyBadgeErrorHas": "\n\n<N><p align='center'>Você já tem esta medalha.\n\n<V><b><a href='event:shopp:changeTab-%1-%2'>OK</a></b>",
                "buyShamanBadgeErrorHas": "\n\n<N><p align='center'>Você já tem esta esfera.\n\n<V><b><a href='event:shopp:changeTab-%1-%2'>OK</a></b>",
                "buySucess": "\n\n<N><p align='center'>Você comprou o item <J>%1 <N>com sucesso.\n\n<V><b><a href='event:shopp:changeTab-%2-%3'>OK</a></b>",
                "buyBadgeSucess": "\n\n<N><p align='center'>Você comprou a medalha com sucesso.\n\n<V><b><a href='event:shopp:changeTab-%1-%2'>OK</a></b>",
                "buyShamanBadgeSucess": "\n\n<N><p align='center'>Você comprou a esfera com sucesso.\n\n<V><b><a href='event:shopp:changeTab-%1-%2'>OK</a></b>",
                "items": {
                    "titles": {
                        "1": "Título «O Guardião do Queijo»"
                    },
                    
                    "tokens": {
                        "1": "10 Fichas",
                        "2": "20 Fichas",
                        "3": "30 Fichas",
                        "4": "40 Fichas",
                        "5": "50 Fichas"
                    }
                }
            },
            
            "spinTheWheel": {
                "main": "<p align='center'><N>Olá <ROSE>%1 <N>, você possui <R>%2 <N>fichas.</p>",
                "start": "<b><font color='#000000'><a href='event:spinTheWheel:start'>Girar</a></font></b>",
                "errorNoTokens": "\n\n<N><p align='center'>Você não tem fichas suficientes para girar a roleta.\n\n<V><b><a href='event:spinTheWheel:result'>OK</a></b>",
                "winAward": "\n\n<N><p align='center'>Parabéns ! Você ganhou <R>%1<N>.\n\n<V><b><a href='event:spinTheWheel:winAward-%2-%3'>OK</a></b>"
            },
            
            "vipInfo": {
                "main": "  Olá <ROSE>%1\n\n  <J>Seja bem vindo ao sistema de VIPS do StarkMice.\n\n  <N><N>Nosso sistema passou por mudanças e agora esté disponível novamente aos nossos ratinhos.\n\n  Para conhecer todos os comandos vips clique na opção funções.\n\n<T>  Para ver os usuários Vips online no servidor clique na opção Vips.",
                "functions": "<ROSE><p align='center'><b>Comandos VIP</b></p>\n<font color='#00FFAB'>/vamp</font> <N>- Transforma seu rato em um vampiro.\n<font color='#00FFAB'>/meep</font> <N>- Ativa o meep.\n<font color='#00FFAB'>/pink</font> <N>- Deixa o seu rato rosa.\n<font color='#00FFAB'>/namecolor [Cor]</font> <N>- Altera a cor de seu nome.\n<font color='#00FFAB'>/re</font> <N>- Revive o seu rato.\n<font color='#00FFAB'>/vip [Mensagem]</font> <N>- Envia uma mensagem para a sala como VIP.\n<font color='#00FFAB'>/vi [Mensagem]</font> <N>- Envia uma mensagem para a equipe e os outros VIPs.",
                "noVips": "<font color='#FE777F'>Não há vip onlines!</font>",
                "menu": {
                    "1": "<b><a href='event:vipInfo:changeTab-1'>Inicio</a></b>",
                    "2": "<b><a href='event:vipInfo:changeTab-2'>Funções</a></b>",
                    "3": "<b><a href='event:vipInfo:changeTab-3'>VIPS</a></b>",
                    "4": "<R><b><a href='event:vipInfo:close'>Fechar</a></b>"
                }
            },
            
            "consumablesShop": {
                "endBuy": "<p align='center'><a href='event:consumablesShop:endBuy'>Finalizar compra</a></p>",
                "buyMessage": "<p align='center'>Olá <ROSE>%1<N>, você possui <J>%2 <N>queijos e <R>%3 <N>morangos.\n\nVocê está comprando um total de <CH>%4 <N>consumíveis.\n\nSelecione o método de pagamento:</p>",
                "cancelBuy": "<p align='center'><a href='event:consumablesShop:cancelBuy'>Cancelar</a></p>",
                "buySucess": "<p align='center'>Você comprou <CH>%1 <N>consumíveis por %2%3 <N>%4.</p>",
                "cheeses": "queijos",
                "fraises": "morangos",
                "returnToHome": "<p align='center'><a href='event:consumablesShop:backToHome'>Voltar para o início</a></p>"
            }
        },

        "ES": {
            "shopp": {
		        "title": "<font size='13'><J><p align='center'>Items</p></font>\n",
                "main": "\n\n<font size='13'><J><p align='left'><N>Hola, <ROSE>%1<N>. Usted posee <J>%2 <N>monedas.\n<N>Para abrir una lista de itens disponibles para comprar basta clicar en una de las opciones de abajo.\n\n<N>Estos sistemas están en fase beta entonces no sé si va a funcionar\n\n<N>»<J> <a href='event:shopp:changeTab-5-1'>Insignias</a>\n<N>»<J> <a href='event:shopp:changeTab-6-1'>Esferas</a>\n<N>»<J> <a href='event:shopp:changeTab-2-1'>Titulos</a>\n<N>»<J> <a href='event:changenick'>Cambiar nombre</a>\n<N>»<J> <a href='event:changepassword'>Cambiar contraseña</a>",
                "header": "\n\n<p align='left'><N> Hola <ROSE>%1<N>, usted tiene <J>%2 <N>monedas.\n\n<N>A continuación se muestra una lista de los itens que se pueden comprar con sus monedas:\n",
                "coins": "moedas",
                "confirmBuy": "\n\n<N><p align='center'>¿De verdad quiere comprar el artículo: <J>%1 <N>para <J>%2 <N>monedas?\n\n<V><b><a href='event:shopp:confirmBuyItem-%3-%4'>Si</a></b> - <R><b><a href='event:shopp:changeTab-%5-%6'>No</a></b></p>",
                "confirmBuyBadge": "\n\n<N><p align='center'>¿De verdad quiere comprar el insignia \n<img src='http://www.transformice.com/images/x_transformice/x_badges/x_%1.png' hspace='175' vspace='10'>\n\n\n\n <N>para <J>%2 <N>monedas?\n\n<V><b><a href='event:shopp:confirmBuyItem-%3-%4'>Si</a></b> - <R><b><a href='event:shopp:changeTab-%5-%6'>No</a></b></p>",
                "confirmBuyShamanBadge": "\n\n<N><p align='center'>¿De verdad quiere comprar el esfera \n<img src='http://room32.net/images/shopp/shamanBadges/%1.png' hspace='175' vspace='10'>\n\n\n\n\n <N>para <J>%2 <N>monedas?\n\n<V><b><a href='event:shopp:confirmBuyItem-%3-%4'>Si</a></b> - <R><b><a href='event:shopp:changeTab-%5-%6'>No</a></b></p>",
                "buyErrorNoCoins": "\n\n<N><p align='center'>Usted no tiene suficientes monedas para comprar el artículo <J>%1\n\n<V><b><a href='event:shopp:changeTab-%2-%3'>OK</a></b>",
                "buyBadgeErrorNoCoins": "\n\n<N><p align='center'>Usted no tiene suficientes monedas para comprar esta insignia.\n\n<V><b><a href='event:shopp:changeTab-%1-%2'>OK</a></b>",
                "buyShamanBadgeErrorNoCoins": "\n\n<N><p align='center'>Usted no tiene suficientes monedas para comprar esta esfera.\n\n<V><b><a href='event:shopp:changeTab-%1-%2'>OK</a></b>",
                "buyErrorHas": "\n\n<N><p align='center'>Tu ya lo tienes el artículo <J>%1\n\n<V><b><a href='event:shopp:changeTab-%2-%3'>OK</a></b>",
                "buyBadgeErrorHas": "\n\n<N><p align='center'>Tu ya lo tienes esta insignia.\n\n<V><b><a href='event:shopp:changeTab-%1-%2'>OK</a></b>",
                "buyShamanBadgeErrorHas": "\n\n<N><p align='center'>Tu ya lo tienes esta esfera.\n\n<V><b><a href='event:shopp:changeTab-%1-%2'>OK</a></b>",
                "buySucess": "\n\n<N><p align='center'>Usted compró el artículo <J>%1 <N>con éxito.\n\n<V><b><a href='event:shopp:changeTab-%2-%3'>OK</a></b>",
                "buyBadgeSucess": "\n\n<N><p align='center'>Usted compró esta insignia con éxito.\n\n<V><b><a href='event:shopp:changeTab-%1-%2'>OK</a></b>",
                "buyShamanBadgeSucess": "\n\n<N><p align='center'>Usted compró esta esfera con éxito.\n\n<V><b><a href='event:shopp:changeTab-%1-%2'>OK</a></b>",
                "items": {                   
                    "titles": {
                        "1": "Título «O Guardião do Queijo»"
                    },
                    
                    "tokens": {
                        "1": "10 Fichas",
                        "2": "20 Fichas",
                        "3": "30 Fichas",
                        "4": "40 Fichas",
                        "5": "50 Fichas"
                    }
                }
            },
            
            "spinTheWheel": {
                "main": "<p align='center'><N>Hola <ROSE>%1 <N>, usted tiene <R>%2 <N>fichas.</p>",
                "start": "<b><font color='#000000'><a href='event:spinTheWheel:start'>Giro</a></font></b>",
                "errorNoTokens": "\n\n<N><p align='center'>Usted no tiene suficientes fichas para hacer girar la rueda.\n\n<V><b><a href='event:spinTheWheel:result'>OK</a></b>",
                "winAward": "\n\n<N><p align='center'>Felicitaciones, usted ganaste <R>%1<N>.\n\n<V><b><a href='event:spinTheWheel:winAward-%2-%3'>OK</a></b>"
            },
            
            "vipInfo": {
                "main": "  Hola <ROSE>%1\n\n  <J>Bienvenido a sistema de Vips de AntiMice.\n\n  <N><N>Nuestro sistema ha sufrido cambios y ahora está disponible de nuevo para nuestros ratones.\n\n  Para los comandos completos de Vips, clic en funciones.\n\n<T>  Para ver los usuarios Vips en línea, haga clic en el servidor en la opción Vips.",
                "functions": "<ROSE><p align='center'><b></b></p>\n<font color='#00FFAB'>/vamp</font> <N>- Enciende el puntero del ratón en un vampiro.\n<font color='#00FFAB'>/meep</font> <N>- Activa lo meep.\n<font color='#00FFAB'>/pink</font> <N>- Deje su ratón rosado.\n<font color='#00FFAB'>/freebadges</font> <N>- Desbloquea nuevas medallas.\n<font color='#00FFAB'>/namecolor [Color]</font> <N>- Cambia el color de su nombre.\n<font color='#00FFAB'>/re</font> <N>- Revive el puntero del ratón.\n<font color='#00FFAB'>/vip [Mensaje]</font> <N>- Enviar un mensaje a la sala como VIP.\n<font color='#00FFAB'>/vi [Mensagem]</font> <N>- Enviar un mensaje a equipe y otros VIPs.",
                "noVips": "<font color='#FE777F'>Sin vip en línea.</font>",
                "menu": {
                    "1": "<b><a href='event:vipInfo:changeTab-1'>Comiezo</a></b>",
                    "2": "<b><a href='event:vipInfo:changeTab-2'>Funciones</a></b>",
                    "3": "<b><a href='event:vipInfo:changeTab-3'>Vips</a></b>",
                    "4": "<R><b><a href='event:vipInfo:close'>Cerrar</a></b>"
                }
            }
        }
    },
    
    "shopp": {
        "titles": {
            "1": 1500,
            "2": 3000,
            "3": 600,
            "4": 700,
            "5": 700,
			"6": 750,
			"7": 750,
			"8": 750,
			"9": 800,
			"10": 900,
			"11": 1000,
			"12": 1000
        },
        
        "tokens": {
            "1": 750,
            "2": 1500,
            "3": 2250,
            "4": 3000,
            "5": 3750
        },
        
        "badges": {
            "0": [0, 250],
            "1": [1, 250],
            "2": [6, 250],
            "3": [7, 250],
            "4": [9, 250],
            "5": [16, 250],
            "6": [17, 250],
            "7": [18, 250],
            "8": [28, 250],
            "9": [29, 250],
            "10": [30, 250],
            "11": [33, 250],
            "12": [34, 250],
            "13": [35, 250],
            "14": [42, 250],
            "15": [46, 250],
            "16": [47, 250],
            "17": [50, 250],
            "18": [51, 250],
            "19": [55, 250],
            "20": [57, 250],
            "21": [58, 250],
            "22": [59, 250],
            "23": [64, 250],
            "24": [65, 250],
            "25": [71, 250],
            "26": [73, 250],
            "27": [129, 300],
            "28": [130, 300],
            "29": [131, 300],
            "30": [132, 300],
            "31": [133, 300],
            "32": [134, 300],
			"33": [139, 300],
			"34": [142, 300],
			"35": [144, 300],
			"36": [145, 300],
			"37": [147, 300],
			"38": [153, 300],
			"39": [154, 300],
			"40": [158, 300],
			"41": [181, 300],
			"42": [175, 300],
			"43": [178, 300],
			"44": [173, 300],
			"45": [155, 300],
			"46": [156, 300],
			"47": [157, 300],
			"48": [158, 300],
			"49": [159, 300]
        },
        
        "shamanbadges" : {
            "0" : [1, 350],
            "1" : [2, 350],
            "2" : [3, 350],
            "3" : [4, 350],
            "4" : [5, 350],
            "5" : [6, 350],
            "6" : [7, 350],
            "7" : [8, 400],
            "8" : [9, 400],
            "9" : [10, 400],
			"10" : [11, 400],
			"11" : [12, 400],
			"12" : [13, 400],
			"13" : [14, 400],
			"14" : [15, 500],
			"15" : [16, 500],
			"16" : [17, 500],
			"17" : [18, 500],
			"18" : [19, 500],
			"19" : [20, 500],
			"20" : [21, 500],
			"21" : [22, 600],
			"22" : [23, 600],
			"23" : [24, 600],
			"24" : [25, 600]
        }
    },
    
    "consumables": {
        "0": [0, 6, 3],
        "1": [1, 8, 4],
        "2": [2, 6, 3],
        "3": [3, 6, 3],
        "4": [4, 4, 2],
        "5": [5, 8, 4],
        "6": [6, 8, 4],
        "7": [8, 8, 4],
        "8": [10, 4, 2],
        "9": [11, 8, 4],
        "10": [14, 4, 2],
        "11": [15, 4, 2],
        "12": [16, 6, 3],
        "13": [20, 8, 4],
        "14": [21, 9, 5],
        "15": [24, 8, 4],
        "16": [25, 8, 4],
        "17": [26, 8, 4],
        "18": [28, 8, 4],
        "19": [29, 9, 9],
        "20": [30, 9, 9],
        "21": [31, 9, 9],
        "22": [33, 8, 4],
        "23": [34, 9, 9],
        "24": [35, 8, 4],
        "25": [2232, 9, 9],
        "26": [2234, 9, 9],
		"27": [2239, 10, 5],
        "28": [2240, 9, 9],
        "29": [2241, 9, 9],
		"30": [2246, 9, 9],
		"31": [2247, 9, 9],
		"32": [2250, 8, 4],
		"33": [2252, 10, 5],
		"34": [2255, 8, 4],
		"35": [2259, 8, 4],
		"36": [2262, 9, 9]
    }
}