<C><P PNJ="$Halloween#425#349#-1#bonbon" Ca="" L="2400" /><Z><S><S Y="150" T="10" P="0,0,0.3,0,0,0,0,0" H="400" L="80" X="40" c="4" /><S Y="150" T="10" P="0,0,0.3,0,0,0,0,0" c="4" L="80" X="340" H="400" /><S Y="150" T="10" P="0,0,0.3,0,0,0,0,0" H="400" L="80" X="640" c="4" /><S Y="150" T="10" P="0,0,0.3,0,0,0,0,0" c="4" L="80" X="940" H="400" /><S Y="150" T="10" P="0,0,0.3,0,0,0,0,0" H="400" L="80" X="1240" c="4" /><S Y="375" T="10" X="1200" P="0,0,0.3,0,0,0,0,0" L="800" H="50" /><S Y="335" T="10" P="0,0,0.3,0,0,0,0,0" L="40" H="30" X="1380" /><S Y="321" T="10" P="0,0,0.3,0,0,0,0,0" L="40" X="1420" H="60" /><S Y="306" T="10" P="0,0,0.3,0,0,0,0,0" L="40" H="90" X="1460" /><S Y="291" T="10" P="0,0,0.3,0,0,0,0,0" L="40" X="1500" H="120" /><S Y="276" T="10" P="0,0,0.3,0,0,0,0,0" L="40" H="150" X="1540" /><S Y="261" T="10" P="0,0,0.3,0,0,0,0,0" L="40" X="1580" H="180" /><S N="" Y="375" T="10" P="0,0,0.3,0,0,0,0,0" L="800" X="2000" H="50" /><S Y="71" T="10" P="0,0,0.3,0,0,0,0,0" c="4" L="80" X="1641" H="200" /><S Y="71" T="10" P="0,0,0.3,0,0,0,0,0" H="200" L="80" X="1982" c="4" /><S Y="114" T="10" P="0,0,0.3,0,0,0,0,0" c="1" L="80" X="2360" H="400" /><S Y="375" T="10" X="401" P="0,0,0.3,0,0,0,0,0" L="800" H="50" /><S Y="186" T="10" P="0,0,0.3,0,0,0,0,0" L="80" H="30" X="2281" /><S Y="336" T="0" P="0,0,0.3,0.2,0,0,0,0" L="29" X="2150" H="27" /><S Y="186" T="10" P="0,0,0.3,0,0,0,0,0" H="30" L="300" X="1751" c="1" /><S Y="186" T="10" P="0,0,0.3,0,0,0,0,0" c="1" L="200" X="2100" H="30" /><S Y="186" T="10" P="0,0,0.3,0,0,0,0,0" c="2" L="600" X="1900" H="30" /></S><D><P Y="69" T="34" X="1598" P="0,0" C="32281d" /><P Y="-225" T="117" P="0,0" X="1596" C="581e17,4a2d10" /><P C="581e17,4a2d10" Y="-50" T="117" X="799" P="0,0" /><P Y="-50" T="117" X="0" P="0,0" C="581e17,4a2d10" /><P Y="349" T="37" X="869" P="0,1" /><P Y="171" T="94" P="0,0" X="1874" C="623b2a,a3468e" /><DS Y="334" X="43" /><P Y="354" T="96" X="796" P="0,0" C="dbd4cb" /><P Y="310" T="100" X="621" P="1,0" C="ba1919" /><P Y="352" T="103" X="2293" P="0,0" C="714330,23130c" /><P Y="347" T="105" X="478" P="0,0" C="cdc5bc,623b2a" /><P Y="270" T="106" X="822" P="0,0" /><P Y="19" T="102" X="495" P="0,0" C="cf6a27,95d9d6,665c50,e9e2da" /><P Y="134" T="112" X="1408" P="0,0" /><P Y="310" T="113" X="593" P="1,0" /><P Y="119" T="114" X="800" P="0,0" /><P Y="350" T="104" X="592" P="1,0" C="623b2a" /><P Y="33" T="41" X="273" P="0,1" /><P Y="171" T="99" X="1662" P="1,0" C="4d2e0f" /><P Y="349" T="111" X="1191" P="0,0" /><P Y="268" T="97" X="772" P="0,0" C="807e7d,e9e2da" /><P Y="310" T="101" X="548" P="0,0" C="d42525" /><P Y="351" T="98" X="2321" P="1,0" C="55300b,191812" /><P Y="350" T="95" X="1094" P="0,0" C="593423" /><P Y="134" T="93" X="1802" P="1,0" C="18585,c26900,10a61d,a3468e" /><P Y="141" T="92" X="2132" P="0,0" C="55a80f,a3468e,34c4a0,c26900" /><P Y="171" T="91" X="1995" P="0,0" C="e75082" /><P Y="311" T="71" X="570" P="0,0" /><P Y="355" T="80" X="1631" P="0,0" /><P Y="171" T="17" X="1809" P="0,0" /><P Y="171" T="16" X="1729" P="0,0" /><P Y="135" T="55" X="1855" P="0,0" /><P Y="352" T="83" X="2031" P="0,0" /><P Y="181" T="104" P="0,0" X="2115" C="623b2a" /><P Y="142" T="106" X="2060" P="0,0" /><P Y="27" T="108" X="1760" P="0,0" /><P Y="171" T="110" X="1883" P="1,0" /><P Y="34" T="41" X="2050" P="0,0" /><P Y="355" T="83" X="174" P="0,1" /><P Y="346" T="111" X="115" P="1,0" /><P Y="128" T="112" X="186" P="0,0" /><P Y="48" T="108" X="1091" P="0,0" /><P Y="67" T="109" X="856" P="0,0" /><P Y="348" T="110" X="841" P="0,0" /><T Y="349" X="2373" /><P C="714330,23130c" Y="111" T="103" X="2300" P="0,0" /><P C="714330,23130c" Y="171" T="103" X="2281" P="0,0" /><P Y="377" T="103" P="1,1" X="2150" C="714330,23130c" /><P Y="350" T="115" X="1916" P="0,0" /><P Y="351" T="106" X="1792" P="0,0" /><P Y="351" T="106" X="1820" P="0,0" /><P Y="351" T="106" X="1767" P="0,1" /><P Y="336" T="106" X="1806" P="0,1" /><P Y="349" T="11" X="1901" P="0,0" /><P Y="350" T="55" X="1946" P="0,0" /><P Y="214" T="41" X="1628" P="0,0" /><P Y="253" T="43" X="1768" P="0,0" /><P Y="200" T="109" X="2027" P="0,0" /><P Y="350" T="111" X="1638" P="0,0" /><P Y="372" T="111" X="1973" P="0,0" /><P Y="227" T="108" X="2217" P="0,0" /><P Y="350" T="110" X="2256" P="0,0" /><P Y="352" T="111" X="415" P="0,0" /><P Y="352" T="110" X="243" P="0,0" /><P Y="182" T="110" X="1430" P="0,1" /></D><O><O Y="299" P="0" X="522" C="22" /><O Y="334" P="0" X="1004" C="22" /><O Y="333" P="0" X="1332" C="22" /><O Y="323" P="0" X="1682" C="22" /><O Y="323" P="0" X="1697" C="22" /><O Y="323" P="0" X="1713" C="22" /><O Y="338" P="0" X="1682" C="22" /><O Y="338" P="0" X="1697" C="22" /><O Y="338" P="0" X="1712" C="22" /><O Y="177" P="0" X="2219" C="22" /><O Y="195" P="0" X="2219" C="22" /><O Y="105" P="0" X="1662" C="22" /><O Y="333" P="0" X="1970" C="22" /></O></Z></C>