<C><P mc="" D="x_transformice/x_evt/rs4otmym/epiphanie.jpg,0,400;x_transformice/x_evt/x_evt_03/0or8meuj/map-mongolfiere.jpg,0,0;x_transformice/x_evt/x_evt_04/cwlb1bml/fond.jpg,0,800" L="2000" H="1200" APS="" /><Z><S><S m="" L="857" o="12bd94" P="0,0,0.3,0.2,0,0,0,0" T="12" Y="772" X="983" H="23" /><S m="" L="90" o="12bd94" P="0,0,0.3,0.2,0,0,0,0" T="12" Y="757" H="23" X="1444" /><S m="" L="90" o="12bd94" P="0,0,0.3,0.2,0,0,0,0" T="12" Y="747" H="23" X="1526" /><S m="" L="90" o="12bd94" P="0,0,0.3,0.2,0,0,0,0" T="12" Y="739" X="1603" H="23" /><S m="" L="90" o="12bd94" P="0,0,0.3,0.2,0,0,0,0" T="12" Y="730" X="1678" H="23" /><S m="" L="280" o="12bd94" P="0,0,0.3,0.2,0,0,0,0" T="12" Y="718" H="23" X="1859" /><S m="" L="3000" o="12bd94" P="0,0,0.3,0.2,90,0,0,0" T="12" Y="601" X="2006" H="10" /><S m="" L="400" o="12bd94" P="0,0,0.3,0.2,90,0,0,0" T="12" Y="759" H="10" X="-5" /><S m="" L="300" o="12bd94" P="0,0,0.3,0.2,0,0,0,0" T="12" Y="769" H="23" X="144" /><S m="" L="300" o="12bd94" P="0,0,0.3,0.2,0,0,0,0" T="12" Y="790" H="23" X="144" /><S L="80" P="0,0,0.3,0,0,0,0,0" T="10" Y="589" X="759" H="30" /><S L="80" P="0,0,0.3,0,0,0,0,0" T="10" Y="712" X="959" H="30" /><S m="" L="90" o="12bd94" P="0,0,0.3,0.2,0,0,0,0" T="12" Y="347" X="1539" H="23" /><S m="" L="90" o="12bd94" P="0,0,0.3,0.2,0,0,0,0" T="12" Y="376" H="23" X="1251" /><S m="" L="90" o="12bd94" P="0,0,0.3,0.2,0,0,0,0" T="12" Y="326" H="23" X="347" /><S m="" L="90" o="12bd94" P="0,0,0.3,0.2,0,0,0,0" T="12" Y="358" X="1420" H="23" /><S L="80" P="0,0,0.3,0,0,0,0,0" T="10" Y="646" H="30" X="853" /><S m="" P="0,0,0.3,0.2,0,0,0,0" L="460" H="23" o="12bd94" T="12" Y="388" X="232" /><S L="26" P="0,0,0,0.2,0,0,0,0" T="1" Y="276" H="23" X="915" /><S L="466" P="0,0,0,0.2,0,0,0,0" T="1" Y="375" X="234" H="10" /><S L="95" P="0,0,0,0.2,0,0,0,0" T="1" Y="327" X="354" H="20" /><S L="81" P="0,0,0,0.2,0,0,0,0" T="1" Y="377" X="1253" H="26" /><S L="134" P="0,0,0.3,0,0,0,0,0" T="10" Y="316" H="158" X="801" /><S L="78" P="0,0,0.3,0,0,0,0,0" T="10" Y="378" H="22" X="754" /><S m="" P="0,0,0.3,0.2,0,0,0,0" L="650" H="10" o="12bd94" T="12" Y="881" X="327" /><S m="" P="0,0,0.3,0.2,90,0,0,0" L="100" H="10" o="12bd94" T="12" Y="825" X="559" /><S m="" L="3000" o="12bd94" P="0,0,0.3,0.2,0,0,0,0" T="12" Y="491" X="92" H="10" /><S m="" P="0,0,0.3,0.2,90,0,0,0" L="130" H="10" o="12bd94" T="12" Y="423" X="1579" /><S L="84" P="0,0,0.3,0,0,0,0,0" T="10" Y="452" X="-57" H="37" /><S L="80" P="0,0,0.3,0,0,0,0,0" T="10" Y="1147" H="30" X="92" /><S L="10" P="0,0,0,0.2,0,0,0,0" T="1" Y="1137" X="129" H="10" /><S L="10" P="0,0,0.3,0,0,0,0,0" T="10" Y="986" X="7" H="215" /><S L="77" P="0,0,0.3,0,0,0,0,0" T="10" Y="1140" X="395" H="30" /><S L="80" P="0,0,0.3,0,0,0,0,0" T="10" Y="1071" X="414" H="173" /><S L="29" P="0,0,0,0.2,0,0,0,0" T="1" Y="1014" X="477" H="26" /><S L="81" P="0,0,0,0.2,0,0,0,0" T="1" Y="1151" X="807" H="28" /><S L="82" P="0,0,0.3,0,0,0,0,0" T="10" Y="1128" X="927" H="34" /><S L="82" P="0,0,0.3,0,0,0,0,0" T="10" Y="1083" H="34" X="1031" /><S L="45" P="0,0,0,0.2,0,0,0,0" T="1" Y="927" X="1977" H="26" /><S L="82" P="0,0,0.3,0,0,0,0,0" T="10" Y="1041" X="1127" H="34" /><S L="10" P="0,0,20,0.2,0,0,0,0" T="4" Y="939" X="1957" H="10" /><S L="59" P="0,0,0.3,0,0,0,0,0" T="10" Y="998" X="1209" H="124" /><S L="34" P="0,0,0,0.2,0,0,0,0" T="1" Y="1012" X="1265" H="25" /><S L="69" P="0,0,0.3,0,0,0,0,0" T="10" Y="988" X="1587" H="144" /><S L="45" P="0,0,0,0.2,0,0,0,0" T="1" Y="1048" X="1644" H="23" /><S L="78" P="0,0,0,0.2,0,0,0,0" T="1" Y="911" X="1863" H="10" /></S><D><DS X="64" Y="339" /><DC X="106" Y="341" /><F X="1778" Y="701" /><T X="1978" Y="916" /></D><O><O Y="331" C="4" P="0" X="1508" /></O></Z></C>