<C><P Ca="" d="x_fondpeche2.png" D="x_fondpeche1.jpg" L="3600" defilante="-1,-1,-1,1,-1" /><Z><S><S L="180" o="12bd94" H="20" X="91" Y="390" T="12" m="" P="0,0,0.3,0.2,0,0,0,0" /><S L="130" o="12bd94" H="10" X="333" Y="287" T="12" m="" P="0,0,0.3,0.2,0,0,0,0" /><S L="80" o="12bd94" H="10" X="314" Y="216" T="12" m="" P="0,0,0.3,0.2,0,0,0,0" /><S L="80" o="12bd94" H="10" X="91" Y="199" T="12" m="" P="0,0,0.3,0.2,0,0,0,0" /><S L="200" o="12bd94" H="10" X="548" Y="125" T="12" m="" P="0,0,0.3,0.2,0,0,0,0" /><S L="1000" o="12bd94" H="25" X="1308" Y="388" T="12" m="" P="0,0,0.3,0.2,0,0,0,0" /><S L="400" o="12bd94" H="10" X="3601" Y="200" T="12" m="" P="0,0,0.3,0.2,-90,0,0,0" /><S L="400" o="12bd94" H="10" X="0" Y="201" T="12" m="" P="0,0,0.3,0.2,90,0,0,0" /><S L="170" o="12bd94" H="10" X="362" Y="360" T="12" m="" P="0,0,0.3,0.2,0,0,0,0" /><S L="100" o="12bd94" H="10" X="1012" Y="300" T="12" m="" P="0,0,0.3,0.2,0,0,0,0" /><S L="90" o="12bd94" H="10" X="1684" Y="270" T="12" m="" P="0,0,0.3,0.2,0,0,0,0" /><S L="80" o="12bd94" H="10" X="1515" Y="61" T="12" m="" P="0,0,0.3,0.2,0,0,0,0" /><S L="40" o="12bd94" H="10" X="1409" Y="48" T="12" m="" P="0,0,0.3,0.2,0,0,0,0" /><S L="40" o="12bd94" H="10" X="1806" Y="173" T="12" m="" P="0,0,0.3,0.2,0,0,0,0" /><S L="40" o="12bd94" H="10" X="1833" Y="166" T="12" m="" P="0,0,0.3,0.2,-30,0,0,0" /><S L="60" o="12bd94" H="10" X="1866" Y="135" T="12" m="" P="0,0,0.3,0.2,0,0,0,0" /><S L="60" o="12bd94" H="10" X="1896" Y="150" T="12" m="" P="0,0,0.3,0.2,-10,0,0,0" /><S L="60" o="12bd94" H="10" X="1943" Y="145" T="12" m="" P="0,0,0.3,0.2,0,0,0,0" /><S L="60" o="12bd94" H="10" X="1981" Y="145" T="12" m="" P="0,0,0.3,0.2,0,0,0,0" /><S L="60" o="12bd94" H="10" X="2036" Y="149" T="12" m="" P="0,0,0.3,0.2,10,0,0,0" /><S L="60" o="12bd94" H="10" X="2076" Y="156" T="12" m="" P="0,0,0.3,0.2,10,0,0,0" /><S L="100" o="12bd94" H="10" X="1943" Y="62" T="12" m="" P="0,0,0.3,0.2,0,0,0,0" /><S L="40" o="12bd94" H="10" X="1734" Y="132" T="12" m="" P="0,0,0.3,0.2,0,0,0,0" /><S L="150" o="12bd94" H="10" X="2101" Y="236" T="12" m="" P="0,0,0.3,0.2,90,0,0,0" /><S L="100" o="12bd94" H="10" X="2454" Y="278" T="12" m="" P="0,0,0.3,0.2,0,0,0,0" /><S L="270" o="12bd94" H="40" X="2746" Y="179" T="12" m="" P="0,0,0.3,0.2,0,0,0,0" /><S L="300" o="12bd94" H="40" X="2972" Y="145" T="12" m="" P="0,0,0.3,0.2,0,0,0,0" /><S L="100" o="12bd94" H="30" X="3107" Y="106" T="12" m="" P="0,0,0.3,0.2,90,0,0,0" /><S L="100" o="12bd94" H="30" X="3145" Y="69" T="12" m="" P="0,0,0.3,0.2,0,0,0,0" /><S L="80" o="12bd94" H="30" X="3203" Y="44" T="12" m="" P="0,0,0.3,0.2,-90,0,0,0" /><S L="110" o="12bd94" H="10" X="2579" Y="67" T="12" m="" P="0,0,0.3,0.2,0,0,0,0" /><S L="200" o="12bd94" H="10" X="3279" Y="273" T="12" m="" P="0,0,0.3,0.2,0,0,0,0" /><S L="100" o="12bd94" H="10" X="3529" Y="99" T="12" m="" P="0,0,0.3,0.2,0,0,0,0" /><S L="60" o="12bd94" H="10" X="723" Y="314" T="12" m="" P="0,0,0.3,0.2,-15,0,0,0" /><S L="1000" o="12bd94" H="25" X="2529" Y="388" T="12" m="" P="0,0,0.3,0.2,0,0,0,0" /><S L="300" o="12bd94" H="25" X="1910" Y="396" T="12" m="" P="0,0,0.3,0.2,0,0,0,0" /><S L="600" o="12bd94" H="25" X="3306" Y="388" T="12" m="" P="0,0,0.3,0.2,0,0,0,0" /><S L="300" o="12bd94" H="25" X="720" Y="388" T="12" m="" P="0,0,0.3,0.2,0,0,0,0" /></S><D><DS Y="358" X="1460" /><DC Y="247" X="1683" /></D><O /></Z></C>